ID;Feature;PoS;Function;Level;Turkish;Bashkir;BeryozovkaEven;Bonan;Tsuken;Chagatai;Chuvash;CrimeanTatar;Dagur;Dolgan;Dongxiang;ShiraYughur;Gagauz;Khalkha;Hateruma;Solon;Mongghul;Ikema;KaraKalpak;Kazakh;Khakas;KhamnigalMongol;Korean;Manchu;MiddleMongol;MiddleKorean;Mangghuer;Moghol;MomaEven;Nanai;Negidal;Nogai;NorthernUzbek;Azerbaijani;Ura;Japanese;Ogami;Oirat;Okinoerabu;EasternOldJapanese;OldTurkic;Ordos;Oroch;Orok;Buriat;Shor;Shuri;Evenki;Yuwan;Tarama;Tatar;Kalmyk;Khalaj;Turkmen;Tuvan;Udihe;Uighur;Ulch;Yakut;Yonaguni
GB020;Are there definite or specific articles?;article;deixis;NP;0;0;0;0;0;0;0;0;0;0;0;0;0;0;0;0;1;0;0;0;0;1;0;0;0;0;0;0;0;0;0;0;0;0;0;0;0;0;0;0;0;0;0;0;0;0;0;0;0;0;0;0;0;0;0;1;0;0;0;0
GB021;Do indefinite nominals commonly have indefinite articles?;article;deixis;NP;0;0;0;0;0;0;0;0;0;0;1;0;0;0;0;0;0;0;0;0;0;0;0;1;0;0;0;0;0;0;0;0;0;0;0;0;0;0;0;0;0;0;0;0;0;0;0;0;0;0;0;0;0;0;0;0;0;0;0;0
GB022;Are there prenominal articles?;article;deixis;NP;1;0;0;0;0;0;0;1;0;1;1;0;1;0;0;0;1;0;1;?;1;0;0;1;0;0;0;0;0;0;0;1;1;0;0;0;0;0;0;0;1;0;1;0;0;0;0;0;0;0;0;0;1;1;0;0;0;0;0;0
GB023;Are there postnominal articles?;article;deixis;NP;0;0;0;0;0;0;0;0;0;0;0;0;0;0;0;0;1;0;0;0;0;1;0;0;0;0;1;0;0;0;0;0;0;0;0;0;0;0;0;0;0;0;0;0;0;0;0;0;0;0;0;0;0;0;0;1;0;0;0;0
GB024;What is the order of numeral and noun in the NP?;not assignable;word order;NP;1;1;1;3;1;1;1;1;1;1;1;?;1;1;3;1;1;2;1;1;1;1;2;3;1;1;3;1;1;1;1;1;1;1;?;1;3;1;3;1;1;1;1;1;1;1;?;1;2;?;1;1;1;1;1;3;1;1;1;?
GB025;What is the order of adnominal demonstrative and noun?;not assignable;word order;NP;1;?;1;1;1;1;1;1;1;1;1;1;1;1;1;1;1;1;1;1;1;1;1;1;1;1;1;1;1;1;1;1;1;1;1;1;1;1;1;1;1;1;1;1;1;1;1;1;1;1;1;1;1;1;1;1;1;?;1;1
GB026;Can adnominal property words occur discontinuously?;not assignable;word order;NP;1;?;1;0;0;?;0;?;?;?;0;0;?;?;?;1;0;?;?;?;?;0;?;?;?;?;0;?;?;1;1;?;0;0;0;0;0;?;?;0;?;0;?;?;0;?;0;?;?;0;?;?;1;0;?;1;0;0;1;?
GB027;Are nominal conjunction and comitative expressed by different elements?;multiple;argument marking (non-core);NP;0;1;?;?;?;?;0;1;1;0;?;?;0;1;?;?;?;?;1;0;1;?;0;?;1;0;?;?;0;1;0;0;1;1;?;0;0;?;?;0;1;?;0;1;1;0;?;1;?;?;1;?;0;0;?;1;?;?;1;?
GB028;Is there an inclusive/exclusive distinction?;pronoun;deixis;word;0;0;1;1;?;0;0;0;1;0;1;1;0;0;0;1;0;?;0;0;0;1;0;1;1;0;0;1;0;0;1;0;0;0;?;0;0;1;0;0;0;1;1;0;0;0;0;1;0;0;0;0;0;0;0;1;0;0;0;0
GB030;Is there a gender distinction in independent 3rd person pronouns?;pronoun;deixis;word;0;0;0;0;?;0;0;0;0;0;0;0;0;0;0;0;0;?;0;0;0;0;0;0;0;0;0;0;0;0;0;0;0;0;?;1;0;0;0;0;0;0;0;0;0;0;0;0;0;0;0;0;0;0;0;0;0;0;0;0
GB031;Is there a dual or unit augmented form (in addition to plural or augmented) for all person categories in the pronoun system?;pronoun;deixis;word;0;0;0;0;?;0;0;0;0;1;0;0;0;?;0;0;0;?;0;0;0;0;0;0;0;0;0;0;0;0;0;0;0;0;?;0;0;0;0;0;0;0;0;0;0;0;0;0;1;0;0;0;0;0;0;0;0;0;1;0
GB035;Are there three or more distance contrasts in demonstratives?;demonstrative;deixis;word;1;0;0;0;?;0;1;1;0;1;0;0;0;0;0;0;0;?;0;1;1;0;1;0;0;1;0;0;0;0;0;?;1;0;?;1;0;0;1;1;0;0;0;0;0;1;1;0;1;?;1;0;0;0;0;0;1;0;1;1
GB036;Do demonstratives show an elevation distinction?;demonstrative;deixis;word;0;0;0;0;?;0;0;0;0;0;0;0;0;0;0;0;0;?;0;0;0;0;0;0;0;0;0;0;0;0;0;0;0;0;?;0;0;0;0;0;0;0;0;0;0;0;0;0;0;?;0;0;0;0;0;0;0;0;0;0
GB037;Do demonstratives show a visible-nonvisible distinction?;demonstrative;deixis;word;0;0;0;1;?;0;0;0;0;0;0;0;0;0;0;0;0;?;1;0;0;0;0;0;0;0;0;0;0;0;0;?;0;0;?;0;0;0;0;0;0;0;0;0;0;0;0;0;0;?;0;0;0;0;0;0;0;0;0;0
GB038;Are there demonstrative classifiers?;noun;deixis;word;0;0;0;0;0;0;0;0;0;0;0;0;0;0;0;0;0;0;0;0;0;0;0;0;0;0;0;0;0;0;0;0;0;0;0;0;0;0;0;0;0;0;0;0;0;0;0;0;0;0;0;0;0;0;0;0;0;0;0;0
GB039;Is there nonphonological allomorphy of noun number markers?;noun;number;word;0;0;1;0;1;0;0;0;1;0;0;1;0;1;0;0;1;?;0;0;0;0;?;0;1;1;0;1;0;0;?;0;0;0;1;1;0;1;0;0;0;1;0;0;0;0;0;0;1;0;0;1;0;0;0;0;0;0;0;0
GB041;Are there several nouns (more than three) which are suppletive for number?;noun;number;word;0;0;0;0;?;0;0;0;0;0;0;0;0;0;0;?;0;0;0;0;?;1;0;0;0;0;0;?;0;0;0;0;0;0;?;0;0;0;0;0;0;0;0;?;0;0;0;0;0;0;0;0;0;0;0;0;0;0;0;?
GB042;Is there productive overt morphological singular marking on nouns?;noun;number;word;0;0;0;0;0;0;0;0;0;0;0;0;0;0;0;0;1;0;0;0;0;0;0;0;0;0;0;0;0;0;0;0;0;0;0;0;0;0;0;0;0;0;0;0;0;0;0;0;0;0;0;0;0;0;0;0;0;0;0;0
GB043;Is there productive morphological dual marking on nouns?;noun;number;word;0;0;0;1;0;0;0;0;0;0;0;0;0;0;0;0;0;0;0;0;0;0;0;0;0;0;0;0;0;0;0;0;0;0;0;0;0;0;0;0;0;0;0;0;0;0;0;0;0;0;0;0;0;0;0;0;0;0;0;0
GB044;Is there productive morphological plural marking on nouns?;noun;number;word;1;1;1;1;?;1;1;1;1;1;1;1;1;1;0;1;1;1;1;1;1;0;1;0;0;0;1;1;1;1;1;1;1;1;1;0;0;1;0;0;1;1;0;0;1;1;0;1;0;1;1;1;1;1;1;0;1;1;1;1
GB046;Is there an associative plural marker for nouns?;noun;number;word;1;1;?;1;?;?;1;?;?;?;?;?;1;0;?;1;?;?;?;?;1;?;1;?;1;0;1;?;1;1;1;?;?;1;?;1;1;?;1;0;?;?;1;?;0;1;?;1;1;?;?;?;1;1;?;1;1;?;1;1
GB047;Is there a productive morphological pattern for deriving an action/state noun from a verb?;noun;denominal derivation;word;1;1;?;1;1;?;1;1;?;1;?;0;1;1;?;?;1;?;1;1;1;?;1;1;1;1;?;1;1;1;?;1;?;1;?;1;0;1;1;?;1;1;1;?;1;1;?;1;?;?;1;1;1;1;1;1;?;1;1;?
GB048;Is there a productive morphological pattern for deriving an agent noun from a verb?;noun;denominal derivation;word;1;1;?;1;?;?;0;1;?;?;1;1;1;1;?;?;?;?;?;?;0;1;1;1;1;0;?;1;1;1;?;?;?;1;?;0;1;1;1;?;1;1;1;?;1;1;?;1;1;?;1;?;1;1;1;0;?;1;1;?
GB049;Is there a productive morphological pattern for deriving an object noun from a verb?;noun;denominal derivation;word;1;1;?;1;?;?;1;1;?;1;1;0;1;1;?;?;1;?;1;?;1;?;1;1;1;1;?;1;1;0;1;?;?;1;?;1;0;1;0;?;1;1;1;?;1;1;?;1;?;?;1;1;1;1;1;1;?;1;1;?
GB051;Is there a noun class/gender system where sex is a factor in class assignment?;multiple;class agreement;word;0;0;0;0;0;0;0;0;0;0;0;0;0;0;0;0;0;0;0;0;0;0;0;0;0;0;0;0;0;0;0;0;0;0;0;0;0;0;0;0;0;0;0;0;0;0;0;0;0;0;0;0;0;0;0;0;0;0;0;0
GB052;Is there a noun class/gender system where shape is a factor in class assignment?;multiple;class agreement;word;0;0;0;0;0;0;0;0;0;0;0;0;0;0;0;0;0;0;0;0;0;0;0;0;0;0;0;0;0;0;0;0;0;0;0;0;0;0;0;0;0;0;0;0;0;0;0;0;0;0;0;0;0;0;0;0;0;0;0;0
GB053;Is there a noun class/gender system where animacy is a factor in class assignment?;multiple;class agreement;word;0;0;0;0;0;0;0;0;0;0;0;0;0;0;0;0;0;0;0;0;0;0;0;0;0;0;0;0;0;0;0;0;0;0;0;0;0;0;0;0;0;0;0;0;0;0;0;0;0;0;0;0;0;0;0;0;0;0;0;0
GB054;Is there a noun class/gender system where plant status is a factor in class assignment?;multiple;class agreement;word;0;0;0;0;0;0;0;0;0;0;0;0;0;0;0;0;0;0;0;0;0;0;0;0;0;0;0;0;0;0;0;0;0;0;0;0;0;0;0;0;0;0;0;0;0;0;0;0;0;0;0;0;0;0;0;0;0;0;0;0
GB057;Are there numeral classifiers?;noun;quantification;word;0;0;0;0;?;0;0;1;0;0;1;0;0;0;1;0;0;?;0;0;0;0;1;0;0;?;1;0;0;1;1;0;0;0;?;1;1;0;1;1;0;0;?;0;0;0;1;1;1;1;0;0;0;0;0;0;0;1;0;1
GB058;Are there possessive classifiers?;noun;possession;word;0;0;0;0;0;0;0;0;0;0;0;0;0;0;0;0;0;0;0;0;0;0;0;0;0;0;0;0;0;0;0;0;0;0;0;0;0;0;0;0;0;0;0;0;0;0;0;0;0;0;0;0;0;0;0;0;0;0;0;0
GB059;Is the adnominal possessive construction different for alienable and inalienable nouns?;noun;possession;word;0;0;1;0;0;0;1;0;0;0;0;0;0;0;0;0;0;0;0;0;0;0;0;0;0;0;0;0;0;1;1;0;0;0;0;0;0;0;?;0;?;0;1;1;0;0;0;1;0;?;0;?;0;0;0;1;0;1;0;0
GB065;What is the pragmatically unmarked order of adnominal possessor noun and possessed noun?;not assignable;word order;NP;1;3;3;?;1;3;3;3;3;3;3;3;3;3;1;1;3;1;3;3;1;3;1;1;3;1;1;3;3;3;3;3;3;3;1;1;1;3;1;1;3;3;3;3;3;3;1;3;1;1;3;3;3;3;3;3;3;3;3;1
GB068;Do core adjectives (defined semantically as property concepts such as value, shape, age, dimension) act like verbs in predicative position?;adjective;non-verbal predication;word;0;0;0;0;1;?;0;1;0;1;0;0;1;0;1;0;0;0;?;?;0;0;1;0;0;1;0;0;0;0;0;0;0;0;1;1;0;0;?;1;0;0;0;0;?;0;1;0;1;1;0;0;0;0;?;0;0;0;0;1
GB069;"Do core adjectives (defined semantically as property concepts; value, shape, age, dimension) used attributively require the same morphological treatment as verbs?";adjective;other;word;0;0;0;0;1;?;0;0;0;0;0;0;0;0;0;0;0;0;?;?;0;0;1;0;0;1;0;0;0;0;0;0;0;0;1;1;0;0;?;1;0;0;0;0;0;0;1;0;?;1;0;0;0;0;?;0;0;0;0;1
GB070;Are there morphological cases for non-pronominal core arguments (i.e. S/A/P)?;noun;argument marking (core);word;1;1;1;1;1;1;1;1;1;1;1;1;1;1;1;1;1;1;1;1;1;1;1;0;1;1;1;1;1;1;1;1;1;1;1;1;1;1;1;1;1;1;1;1;1;1;1;1;1;1;1;1;1;1;1;1;1;1;1;1
GB071;Are there morphological cases for pronominal core arguments (i.e. S/A/P)?;pronoun;argument marking (core);word;1;1;1;1;1;1;1;1;1;1;1;1;1;1;1;1;1;?;1;1;1;1;0;1;1;1;1;1;1;1;1;1;1;1;1;1;1;1;1;1;1;1;1;1;1;1;1;1;1;1;1;1;1;1;1;1;1;1;1;1
GB072;Are there morphological cases for oblique non-pronominal NPs (i.e. not S/A/P)?;noun;argument marking (non-core);word;1;1;1;1;1;1;1;1;1;1;1;1;1;1;1;1;1;1;1;1;1;1;1;0;1;1;1;1;1;1;1;1;1;1;1;1;1;1;1;1;1;1;1;1;1;1;1;1;1;1;1;1;1;1;1;1;1;1;1;1
GB073;Are there morphological cases for oblique independent personal pronouns (i.e. not S/A/P)?;pronoun;argument marking (non-core);word;1;1;1;1;1;1;1;1;1;1;1;1;1;1;1;1;1;?;1;1;1;1;1;1;1;1;1;1;1;1;1;1;1;1;1;1;1;1;1;1;1;1;1;1;1;1;1;1;?;1;1;1;1;1;1;1;1;1;1;1
GB074;Are there prepositions?;other;argument marking (non-core);NP;0;0;0;0;0;1;0;0;0;0;0;0;0;0;0;0;0;0;0;0;0;?;0;0;0;0;0;?;0;0;0;0;0;0;0;0;0;0;0;0;0;0;0;0;0;0;0;0;0;0;0;0;0;0;?;0;0;0;0;0
GB075;Are there postpositions?;other;argument marking (non-core);NP;1;1;1;1;1;1;1;1;1;1;1;1;1;1;?;1;1;1;1;1;1;?;1;1;1;1;1;?;1;1;1;1;1;1;1;1;1;1;1;1;1;1;1;1;1;1;1;1;1;1;1;1;1;1;?;1;1;1;1;1
GB079;Do verbs have prefixes/proclitics, other than those that ONLY mark A, S or O (do include portmanteau: A & S + TAM)?;verb;TAME+;word;0;0;0;0;0;0;0;0;0;0;0;0;0;0;0;0;0;0;0;0;0;0;0;0;0;0;0;0;0;0;0;0;0;0;0;0;0;0;0;1;0;0;0;0;0;0;0;0;0;0;0;0;0;0;0;0;0;0;0;0
GB080;Do verbs have suffixes/enclitics, other than those that ONLY mark A, S or O (do include portmanteau: A & S + TAM)?;verb;TAME+;word;1;1;1;1;1;1;1;1;1;1;1;1;1;1;1;1;1;1;1;1;1;1;1;1;1;1;1;1;1;1;1;1;1;1;1;1;1;1;1;1;1;1;1;1;1;1;1;1;1;1;1;1;1;1;1;1;1;1;1;1
GB081;Is there productive infixation in verbs?;verb;TAME+;word;0;0;0;0;0;0;0;0;0;0;0;0;0;0;0;0;0;0;0;0;0;0;0;0;0;0;0;0;0;0;0;0;0;0;0;0;0;0;0;0;0;0;0;0;0;0;0;0;0;0;0;0;0;0;0;0;0;0;0;0
GB082;Is there overt morphological marking of present tense on verbs?;verb;TAME;word;1;1;1;0;1;1;1;1;1;1;1;1;1;1;1;1;1;1;1;1;1;1;0;1;1;1;?;1;1;1;1;1;1;1;1;1;0;1;1;0;0;1;1;1;1;1;1;1;1;1;1;0;1;1;1;0;1;1;0;1
GB083;Is there overt morphological marking on the verb dedicated to past tense?;verb;TAME;word;1;1;1;1;0;1;1;1;1;1;1;1;1;1;1;1;1;1;1;1;1;1;1;1;1;1;1;1;0;1;1;1;1;1;1;1;1;1;1;1;1;1;1;1;1;1;1;1;1;1;1;1;1;1;1;1;1;1;1;1
GB084;Is there overt morphological marking on the verb dedicated to future tense?;verb;TAME;word;1;1;1;1;0;1;0;1;0;0;0;1;1;0;0;1;0;?;0;0;1;0;1;1;0;0;?;?;1;1;1;1;1;1;0;0;0;0;0;1;1;0;1;1;0;1;0;1;0;0;1;0;0;1;1;1;0;1;1;0
GB086;Is a morphological distinction between perfective and imperfective aspect available on verbs?;verb;TAME;word;1;0;1;1;1;1;0;1;1;0;1;1;0;1;1;1;1;?;1;1;1;1;0;1;0;1;1;1;0;0;1;1;1;0;1;1;1;?;1;1;1;1;1;?;1;1;1;1;1;0;0;1;0;1;1;1;1;1;0;1
GB089;Can the S argument be indexed by a suffix/enclitic on the verb in the simple main clause?;verb;argument marking (core);word;1;1;1;0;0;1;1;1;1;1;1;0;1;0;0;1;0;0;1;1;1;1;0;0;1;0;0;1;1;1;1;1;1;1;0;0;0;1;0;0;1;0;1;1;1;1;0;1;0;0;1;0;1;1;1;1;1;1;1;0
GB090;Can the S argument be indexed by a prefix/proclitic on the verb in the simple main clause?;verb;argument marking (core);word;0;0;0;0;0;0;0;0;0;0;0;0;0;0;0;0;0;0;0;0;0;0;0;0;0;0;0;0;0;0;0;0;0;0;0;0;0;0;0;0;0;0;0;0;0;0;0;0;0;0;0;0;0;0;0;0;0;0;0;0
GB091;Can the A argument be indexed by a suffix/enclitic on the verb in the simple main clause?;verb;argument marking (core);word;1;1;1;0;0;1;1;1;1;1;1;0;1;0;0;1;0;0;1;1;1;1;0;0;1;0;0;1;1;1;1;1;1;1;0;0;0;1;0;0;1;0;1;1;1;1;0;1;0;0;1;0;1;1;1;1;1;1;1;0
GB092;Can the A argument be indexed by a prefix/proclitic on the verb in the simple main clause?;verb;argument marking (core);word;0;0;0;0;0;0;0;0;0;0;0;0;0;0;0;0;0;0;0;0;0;0;0;0;0;0;0;0;0;0;0;0;0;0;0;0;0;0;0;0;0;0;0;0;0;0;0;0;0;0;0;0;0;0;0;0;0;0;0;0
GB093;Can the P argument be indexed by a suffix/enclitic on the verb in the simple main clause?;verb;argument marking (core);word;0;0;0;0;0;0;0;0;0;0;0;0;0;0;0;0;0;0;0;0;0;0;0;0;0;0;0;0;0;0;0;0;0;0;0;0;0;0;0;0;0;0;0;0;0;0;0;0;0;0;0;0;0;0;0;0;0;0;0;0
GB094;Can the P argument be indexed by a prefix/proclitic on the verb in the simple main clause?;verb;argument marking (core);word;0;0;0;0;0;0;0;0;0;0;0;0;0;0;0;0;0;0;0;0;0;0;0;0;0;0;0;0;0;0;0;0;0;0;0;0;0;0;0;0;0;0;0;0;0;0;0;0;0;0;0;0;0;0;0;0;0;0;0;0
GB095;Are variations in marking strategies of core participants based on TAM distinctions?;verb;argument marking (core);word;0;?;0;0;0;0;0;0;0;0;0;0;0;0;0;0;0;0;0;0;0;0;0;0;0;0;0;0;0;0;0;0;0;0;0;0;0;0;0;0;0;0;0;0;0;0;0;0;0;0;0;0;0;0;0;0;0;0;0;0
GB096;Are variations in marking strategies of core participants based on verb classes?;verb;argument marking (core);word;0;?;0;0;0;0;0;0;0;0;0;0;0;0;0;0;0;0;0;0;0;0;0;0;0;0;0;0;0;0;0;0;0;0;0;0;0;0;0;0;0;0;0;0;0;0;0;0;0;0;0;0;0;0;0;0;0;0;0;0
GB098;Are variations in marking strategies of core participants based on person distinctions?;verb;argument marking (core);word;0;?;0;0;0;0;0;0;0;0;0;0;0;0;0;0;0;0;0;0;0;0;0;0;0;0;0;0;0;0;0;0;0;0;0;0;0;0;0;0;0;0;0;0;0;0;0;0;0;0;0;0;0;0;0;0;0;0;0;0
GB099;Can verb stems alter according to the person of a core participant?;verb;argument marking (core);word;0;?;0;0;0;0;0;0;0;0;0;0;0;0;0;0;0;0;0;0;0;0;0;0;?;0;0;?;?;0;0;0;0;0;0;0;0;0;0;0;0;0;0;0;?;0;0;0;0;0;0;0;0;0;0;0;0;0;0;0
GB103;Is there a benefactive applicative marker on the verb (including indexing)?;verb;argument marking (non-core);word;0;0;0;?;0;0;0;0;0;0;0;0;0;0;0;0;0;0;0;0;0;0;0;0;0;1;0;0;0;0;0;0;0;0;0;0;0;0;0;1;0;0;0;0;0;0;0;0;0;0;0;0;0;0;0;0;0;0;0;0
GB104;Is there an instrumental applicative marker on the verb (including indexing)?;verb;argument marking (non-core);word;0;0;0;?;0;0;0;0;0;0;0;0;0;0;0;0;0;0;0;0;0;0;0;0;0;0;0;0;0;0;0;0;0;0;0;0;0;0;0;0;0;0;0;0;0;0;0;0;0;0;0;0;0;0;0;0;0;0;0;0
GB105;Can the recipient in a ditransitive construction be marked like the monotransitive patient?;verb;argument marking (non-core);word;0;0;0;1;0;0;1;0;0;0;0;0;0;0;0;0;0;?;0;0;0;0;1;0;0;0;1;?;0;0;0;0;0;?;0;1;0;0;0;0;0;0;0;0;?;0;0;0;0;?;0;0;0;0;?;0;0;0;0;0
GB107;Can standard negation be marked by an affix, clitic or modification of the verb?;verb;negation;word;1;1;1;0;1;1;1;1;0;1;0;0;1;1;1;0;0;1;1;1;1;?;1;1;0;?;0;0;?;1;0;1;1;1;1;1;1;0;1;1;1;1;1;0;1;1;1;0;1;1;1;0;1;1;1;0;1;1;1;1
GB108;Is there directional or locative morphological marking on verbs?;verb;argument marking (non-core);word;0;?;1;0;0;0;0;0;0;0;0;0;0;?;0;1;0;?;0;0;0;0;0;1;0;0;0;?;1;0;1;0;0;0;0;0;1;0;0;1;0;0;1;0;0;0;0;1;0;0;0;0;0;0;0;0;0;0;0;0
GB109;Is there verb suppletion for participant number?;verb;argument marking (core);word;0;?;0;0;0;0;0;0;0;0;0;0;0;0;0;0;0;0;0;0;0;0;?;0;0;0;0;?;?;0;0;0;0;0;0;0;0;0;0;0;0;0;0;0;0;0;0;0;0;0;0;?;0;0;0;0;0;0;0;0
GB110;Is there verb suppletion for tense or aspect?;verb;TAME;word;0;?;0;0;?;0;0;?;0;0;0;0;0;0;?;0;0;?;0;0;0;0;?;0;0;0;0;?;?;0;0;0;0;0;1;0;0;0;0;?;0;0;0;0;0;0;?;0;?;?;0;?;0;0;0;0;0;0;0;?
GB111;Are there conjugation classes?;verb;TAME+;word;0;?;1;?;1;0;1;0;0;0;0;0;0;0;1;?;0;1;0;0;?;0;1;1;0;0;0;?;1;1;?;0;0;0;1;1;1;0;1;1;0;0;1;1;0;0;1;1;?;1;0;?;0;0;?;1;0;1;0;1
GB113;Are there verbal affixes or clitics that turn intransitive verbs into transitive ones?;verb;valency;word;1;1;1;1;?;?;1;1;1;1;1;1;1;1;1;1;1;?;1;1;1;?;1;1;1;1;1;1;1;1;?;1;1;1;?;1;1;1;1;1;1;1;1;1;1;1;1;1;?;?;1;1;1;1;1;1;?;1;1;?
GB114;Is there a phonologically bound reflexive marker on the verb?;verb;valency;word;1;1;0;0;?;?;1;1;0;1;0;0;1;1;?;?;0;?;1;1;1;?;1;0;0;0;0;?;?;0;?;1;1;1;0;0;0;0;0;0;1;0;1;?;0;1;?;0;?;?;1;1;1;1;1;1;?;1;1;0
GB115;Is there a phonologically bound reciprocal marker on the verb?;verb;valency;word;1;1;1;1;?;?;1;1;1;1;1;1;1;1;?;1;1;?;1;1;1;?;1;1;1;0;1;?;1;0;1;1;1;1;0;1;?;1;0;0;0;0;1;?;1;1;?;1;?;?;1;1;1;1;1;1;?;0;1;0
GB116;Do verbs classify the shape, size or consistency of absolutive arguments by means of incorporated nouns, verbal affixes or suppletive verb stems?;verb;argument marking (core);word;0;0;0;0;0;0;0;0;0;0;0;0;0;0;0;0;0;0;0;0;0;0;0;0;0;0;0;0;0;0;0;0;0;0;0;0;0;0;0;0;0;0;0;0;0;0;0;0;0;0;0;0;0;0;0;0;0;0;0;0
GB117;Is there a copula for predicate nominals?;verb;non-verbal predication;clause;1;1;1;1;1;1;0;1;?;1;1;1;1;1;1;1;?;1;?;0;1;0;1;1;1;1;1;?;?;1;?;1;1;1;?;1;0;1;1;1;1;1;1;1;1;1;1;1;1;1;1;?;1;?;?;1;1;1;1;1
GB118;Are there serial verb constructions?;verb;verb complex;clause;1;?;?;?;?;0;0;0;0;0;0;1;0;?;?;?;?;?;0;0;?;1;1;0;0;0;1;?;?;0;?;0;0;0;0;0;1;0;?;1;0;0;?;0;?;1;?;0;?;?;0;?;?;0;?;0;0;0;0;?
GB119;"Can mood be marked by an inflecting word (""auxiliary verb"")?";verb;TAME;clause;1;1;0;1;0;1;1;1;1;1;1;1;0;1;1;1;0;0;1;1;1;1;0;1;1;0;0;?;0;0;1;1;1;1;?;0;1;1;0;0;1;0;1;?;1;1;0;1;0;0;1;1;0;1;0;1;1;?;1;1
GB120;"Can aspect be marked by an inflecting word (""auxiliary verb"")?";verb;TAME;clause;1;1;0;1;0;1;1;0;1;1;1;1;0;1;1;1;0;1;1;1;1;1;1;1;0;0;0;?;0;0;0;1;1;1;1;1;1;?;1;0;1;1;0;?;1;1;1;1;1;1;1;1;0;1;0;1;1;?;1;1
GB121;"Can tense be marked by an inflecting word (""auxiliary verb"")?";verb;TAME;clause;1;0;0;0;0;1;1;0;0;1;1;1;0;0;0;1;0;0;1;0;1;1;0;1;?;0;0;?;0;1;1;1;1;1;1;0;0;1;0;0;1;1;0;?;0;1;0;1;0;0;1;1;1;0;0;1;1;1;1;0
GB122;Is verb compounding a regular process?;verb;verb complex;word;0;?;?;?;?;0;0;0;0;0;0;0;0;0;1;?;0;?;0;0;?;0;1;0;0;1;0;?;?;0;?;?;0;0;0;1;0;0;?;?;0;0;?;0;0;0;1;0;1;?;?;?;?;0;?;0;?;1;0;1
GB123;Are there verb-adjunct (aka light-verb) constructions?;verb;verb complex;clause;1;?;?;?;1;?;1;1;0;1;?;0;1;?;1;1;?;1;?;?;1;0;1;?;?;?;?;?;?;0;?;?;?;1;1;1;?;?;1;1;1;0;?;?;?;?;?;?;1;?;1;?;?;1;?;1;?;?;1;1
GB124;Is incorporation of nouns into verbs a productive intransitivizing process?;verb;valency;word;0;0;0;0;0;0;0;0;0;0;0;0;0;0;0;0;0;0;0;0;0;0;0;0;0;0;0;0;0;0;0;0;0;0;0;0;0;0;0;0;0;0;0;0;0;?;0;?;0;0;0;0;0;0;0;0;0;0;0;0
GB126;Is there an existential verb?;verb;non-verbal predication;clause;1;1;1;0;1;1;0;1;?;1;1;?;0;0;1;?;1;1;1;1;?;?;1;0;?;1;0;?;?;0;?;?;1;1;?;1;1;?;1;0;1;?;?;1;0;1;1;0;1;?;?;?;1;?;?;1;1;0;1;1
GB127;Are different posture verbs used obligatorily depending on an inanimate locatum's shape or position (e.g. 'to lie' vs. 'to stand')?;verb;non-verbal predication;clause;0;?;?;0;?;?;0;?;?;1;?;?;0;0;0;0;?;0;?;?;?;?;?;0;?;?;0;?;?;0;?;?;?;0;0;0;0;?;0;?;?;?;?;0;?;?;0;?;0;?;?;?;?;?;?;0;0;?;1;0
GB129;Is there a notably small number, i.e. about 100 or less, of verb roots in the language?;verb;other;word;0;0;0;0;0;0;0;0;0;0;0;0;0;0;0;0;0;0;0;0;0;0;0;0;0;0;0;0;0;0;0;0;0;0;0;0;0;0;0;0;0;0;0;0;0;0;0;0;0;0;0;0;0;0;0;0;0;0;0;0
GB130;What is the pragmatically unmarked order of S and V in intransitive clauses?;not assignable;word order;clause;1;1;1;1;1;1;1;1;1;3;1;1;3;1;1;1;1;1;1;1;1;1;1;1;1;1;1;1;1;1;1;1;1;1;1;1;1;1;1;1;1;1;1;1;1;1;1;1;1;1;1;1;1;1;1;1;1;1;1;1
GB131;Is a pragmatically unmarked constituent order verb-initial for transitive clauses?;verb;word order;clause;0;0;0;0;0;0;0;0;0;0;0;0;0;0;0;0;0;0;0;0;0;0;0;0;0;0;0;0;0;0;0;0;0;0;0;0;0;0;0;0;0;0;0;0;0;0;0;0;0;0;0;0;0;0;0;0;0;0;0;0
GB132;Is a pragmatically unmarked constituent order verb-medial for transitive clauses?;verb;word order;clause;0;0;1;0;0;0;0;0;0;0;0;0;1;0;0;0;0;0;0;0;0;0;0;0;0;0;0;1;0;0;0;0;0;0;0;0;0;0;0;0;0;0;0;0;0;0;0;0;0;0;0;0;1;0;0;0;0;0;0;0
GB133;Is a pragmatically unmarked constituent order verb-final for transitive clauses?;verb;word order;clause;1;1;1;1;1;1;1;1;1;1;1;1;1;1;1;1;1;1;1;1;1;1;1;1;1;1;1;1;1;1;1;1;1;1;1;1;1;1;1;1;1;1;1;1;1;1;1;1;1;1;1;1;1;1;1;1;1;1;1;1
GB134;Is the order of constituents the same in main and subordinate clauses?;not assignable;word order;clause;1;1;0;1;1;1;1;1;1;1;1;1;1;?;1;1;1;?;?;?;?;1;1;1;1;1;1;?;?;1;1;1;1;1;1;1;1;?;1;1;1;1;?;1;?;1;1;1;1;?;1;?;0;1;?;1;1;?;1;1
GB135;Do clausal objects usually occur in the same position as nominal objects?;not assignable;word order;clause;1;?;?;?;1;1;1;1;1;1;1;?;1;1;?;1;1;?;1;1;1;?;1;0;?;1;1;1;?;1;?;1;1;0;1;1;1;?;?;1;?;0;?;1;1;?;?;0;1;?;1;1;?;?;?;0;?;1;?;1
GB136;Is the order of core argument (i.e. S/A/P) constituents fixed?;not assignable;word order;clause;1;?;0;1;?;?;1;1;?;1;1;?;0;1;1;0;?;0;0;1;1;?;0;0;?;1;1;0;?;0;0;?;?;1;0;0;0;?;?;0;1;?;?;?;?;1;0;0;0;0;?;0;1;1;?;0;1;0;1;0
GB137;Can standard negation be marked clause-finally?;verb;negation;clause;1;1;1;0;1;1;1;1;0;1;0;1;1;0;1;0;0;1;1;1;1;1;0;1;0;?;0;0;?;1;1;1;1;1;1;1;1;0;1;1;1;1;1;0;1;1;1;0;1;1;1;1;1;1;1;0;1;1;1;1
GB138;Can standard negation be marked clause-initially?;verb;negation;clause;0;0;0;0;0;0;0;0;0;0;0;0;0;0;0;?;0;0;0;0;0;0;0;0;0;?;0;1;?;0;0;0;0;0;0;0;0;0;0;0;0;0;1;?;0;0;0;0;0;0;0;0;0;0;0;0;0;0;0;0
GB139;Is there a difference between imperative (prohibitive) and declarative negation constructions?;verb;negation;clause;0;0;?;1;1;1;1;?;1;1;1;1;0;1;1;0;1;1;0;?;0;1;1;1;1;?;1;1;0;1;1;?;?;1;1;1;1;1;1;1;0;?;1;0;1;0;?;0;1;1;0;1;0;0;?;0;0;1;1;1
GB140;Is verbal predication marked by the same negator as all of the following types of predication: locational, existential and nominal?;verb;non-verbal predication;clause;0;0;0;0;0;0;0;0;0;0;0;0;0;0;1;0;0;0;1;0;0;0;1;0;0;?;0;0;?;1;?;?;0;0;0;1;0;0;0;0;0;?;?;0;?;0;0;0;0;1;?;0;0;0;?;0;?;?;0;1
GB146;Is there a morpho-syntactic distinction between predicates expressing controlled versus uncontrolled events or states?;noun;argument marking (core);multiple;0;?;0;?;?;?;0;?;?;?;1;?;?;?;?;?;1;?;?;0;?;?;1;?;?;?;1;0;0;1;?;?;?;0;?;1;?;?;?;?;0;?;1;?;?;0;0;0;1;?;?;?;0;?;?;1;?;?;0;0
GB147;Is there a morphological passive marked on the lexical verb?;verb;valency;word;1;1;1;0;1;1;0;1;1;1;0;1;1;1;1;1;0;1;1;1;1;?;1;1;1;1;0;1;1;0;1;1;1;1;1;1;1;1;1;1;1;1;1;1;1;1;1;1;1;1;1;1;1;1;1;1;?;1;1;1
GB148;Is there a morphological antipassive marked on the lexical verb?;verb;valency;word;0;0;0;0;0;0;0;0;0;0;?;0;0;0;0;0;0;0;0;0;0;0;0;0;0;0;0;0;0;0;0;0;0;0;0;0;0;0;0;0;0;0;0;0;0;0;0;0;?;0;0;0;0;0;0;0;0;0;0;0
GB149;Is there a morphologically marked inverse on verbs?;verb;argument marking (core);word;0;0;0;0;0;0;0;0;0;0;0;0;0;0;0;0;0;0;0;0;0;0;0;0;0;0;0;0;0;0;0;0;0;0;0;0;0;0;0;0;0;0;0;0;0;0;0;0;0;0;0;0;0;0;0;0;0;0;0;0
GB150;Is there clause chaining?;verb;verb complex;clause;1;1;?;0;1;1;1;1;1;1;1;1;0;1;1;1;1;1;1;1;1;1;1;1;1;1;1;0;?;1;1;1;1;1;1;1;1;1;1;1;1;1;1;1;?;1;1;1;1;?;?;1;?;1;1;1;?;?;1;1
GB151;"Is there an overt verb marker dedicated to signalling coreference or noncoreference between the subject of one clause and an argument of an adjacent clause (""switch reference"")?";verb;argument marking (core);clause;0;0;?;0;0;0;0;0;0;0;0;0;0;0;0;0;0;0;0;0;0;0;0;0;0;0;0;0;?;0;0;0;0;0;0;0;0;0;0;0;0;0;?;0;0;0;0;0;0;0;0;0;0;0;0;1;0;0;0;0
GB152;Is there a morphologically marked distinction between simultaneous and sequential clauses?;verb;TAME;clause;1;1;1;?;1;1;0;0;1;1;1;1;?;1;1;1;1;1;1;1;1;1;1;1;1;?;0;1;1;1;0;1;1;0;1;0;1;1;?;1;1;1;1;1;1;1;1;1;1;?;1;0;0;1;1;1;?;1;1;?
GB155;Are causatives formed by affixes or clitics on verbs?;verb;valency;word;1;1;1;1;1;?;1;1;1;1;1;1;1;1;1;1;1;1;1;1;1;?;1;1;1;1;1;1;?;1;1;1;1;1;1;1;1;1;1;1;1;1;1;1;1;1;1;1;1;1;1;1;1;1;1;1;?;1;1;1
GB156;Is there a causative construction involving an element that is unmistakably grammaticalized from a verb for 'to say'?;verb;valency;word;0;0;0;0;0;?;0;0;0;0;0;0;0;0;0;0;0;0;0;0;0;0;1;0;0;0;0;0;0;0;?;0;0;0;0;0;0;0;0;0;0;0;0;0;0;0;0;0;0;0;0;0;0;0;0;0;0;0;0;0
GB158;Are verbs reduplicated?;verb;TAME+;word;0;?;?;1;?;0;0;?;0;0;0;0;?;?;?;0;0;0;0;0;?;0;0;0;?;?;0;?;0;0;?;?;0;0;1;0;0;?;?;1;0;0;0;?;0;0;?;0;?;0;0;0;0;0;1;0;?;0;0;?
GB159;Are nouns reduplicated?;noun;number;word;0;?;?;0;?;0;0;1;0;0;0;?;0;?;?;0;0;0;0;0;?;0;1;0;?;?;0;?;0;0;?;0;1;?;0;0;0;?;?;1;0;0;0;?;0;0;?;0;?;0;0;1;0;1;?;0;?;0;0;?
GB160;Are elements apart from verbs or nouns reduplicated?;adjective;other;word;1;1;?;1;1;?;1;1;1;0;1;?;?;0;?;0;?;0;1;1;1;?;1;0;?;?;0;?;0;1;?;?;1;1;?;1;1;?;?;1;1;0;1;?;1;?;?;1;1;1;0;1;1;1;?;1;?;1;1;?
GB165;Is there productive morphological trial marking on nouns?;noun;number;word;0;0;0;0;0;0;0;0;0;0;0;0;0;0;0;0;0;0;0;0;0;0;0;0;0;0;0;0;0;0;0;0;0;0;0;0;0;0;0;0;0;0;0;0;0;0;0;0;0;0;0;0;0;0;0;0;0;0;0;0
GB166;Is there productive morphological paucal marking on nouns?;noun;number;word;0;0;0;1;0;0;0;0;0;0;0;0;0;0;0;0;0;0;0;0;0;0;0;0;0;0;0;0;0;0;0;0;0;0;0;0;0;0;0;0;0;0;0;0;0;0;0;0;0;0;0;0;0;0;0;0;0;0;0;0
GB167;Is there a logophoric pronoun?;pronoun;deixis;clause;0;0;0;1;?;0;0;0;0;0;0;0;0;0;0;0;0;?;0;0;0;0;0;0;0;0;0;0;0;0;0;0;0;0;?;0;1;0;0;0;0;0;0;0;0;0;0;0;?;0;0;0;0;0;0;0;0;0;0;0
GB170;Can an adnominal property word agree with the noun in gender/noun class?;adjective;class agreement;NP;0;0;0;0;0;0;0;0;0;0;0;0;0;0;0;0;0;0;0;0;0;0;0;0;0;0;0;0;0;0;0;0;0;0;0;0;0;0;0;0;0;0;0;0;0;0;0;0;0;0;0;0;0;0;0;0;0;0;0;0
GB171;Can an adnominal demonstrative agree with the noun in gender/noun class?;demonstrative;class agreement;NP;0;0;0;0;0;0;0;0;0;0;0;0;0;0;0;0;0;0;0;0;0;0;0;0;0;0;0;0;0;0;0;0;0;0;0;0;0;0;0;0;0;0;0;0;0;0;0;0;0;0;0;0;0;0;0;0;0;0;0;0
GB172;Can an article agree with the noun in gender/noun class?;multiple;class agreement;NP;0;0;0;0;0;0;0;0;0;0;0;0;0;0;0;0;0;0;0;0;0;0;0;0;0;0;0;0;0;0;0;0;0;0;0;0;0;0;0;0;0;0;0;0;0;0;0;0;0;0;0;0;0;0;0;0;0;0;0;0
GB177;Can the verb carry a marker of animacy of argument, unrelated to any gender/noun class of the argument visible in the NP domain?;verb;argument marking (core);word;0;0;0;0;0;0;0;0;0;0;0;0;0;0;0;0;0;0;0;0;0;0;0;0;0;0;0;0;0;0;0;0;0;0;0;0;0;0;?;0;0;0;0;0;0;0;0;0;0;0;0;0;0;0;0;0;0;0;0;0
GB184;Can an adnominal property word agree with the noun in number?;adjective;number;NP;0;0;?;0;0;?;0;0;0;?;0;0;0;0;0;0;?;?;0;0;0;?;0;0;1;0;0;0;1;0;0;0;0;0;0;0;0;?;0;0;0;0;0;0;1;0;0;1;0;0;0;0;0;0;0;1;0;0;0;0
GB185;Can an adnominal demonstrative agree with the noun in number?;demonstrative;number;NP;0;0;0;?;?;?;0;0;?;0;?;1;0;0;0;?;1;?;?;0;0;?;0;1;1;0;?;?;1;0;?;?;1;0;?;1;0;?;?;0;0;?;0;0;1;0;0;1;0;?;0;0;1;0;?;0;1;1;0;?
GB186;Can an article agree with the noun in number?;article;number;NP;0;0;0;0;0;0;0;0;0;0;0;0;0;0;0;0;0;?;0;0;0;0;0;0;0;0;0;0;0;0;0;0;0;0;0;0;0;0;0;0;0;0;0;0;0;0;0;0;0;0;0;0;0;0;0;0;0;0;0;0
GB187;Is there any productive diminutive marking on the noun (exclude marking by system of nominal classification only)?;noun;denominal derivation;word;1;1;1;?;1;?;0;1;?;?;1;0;1;0;1;?;1;1;1;1;1;?;1;1;1;?;?;1;?;1;1;?;?;1;1;1;1;1;?;1;1;0;1;?;1;1;1;1;1;1;1;1;?;1;1;1;?;1;1;1
GB188;Is there any productive augmentative marking on the noun (exclude marking by system of nominal classification only)?;noun;denominal derivation;word;0;?;0;?;0;?;0;0;1;0;0;0;0;0;?;?;0;0;0;0;0;?;0;?;0;?;?;0;1;0;1;?;?;0;0;0;0;0;0;0;0;0;0;?;?;0;0;1;0;0;0;?;?;0;0;0;?;0;0;1
GB192;Is there a gender system where a noun's phonological properties are a factor in class assignment?;multiple;class agreement;clause;0;0;0;0;0;0;0;0;0;0;0;0;0;0;0;0;0;0;0;0;0;0;0;0;0;0;0;0;0;0;0;0;0;0;0;0;0;0;0;0;0;0;0;0;0;0;0;0;0;0;0;0;0;0;0;0;0;0;0;0
GB193;What is the order of adnominal property word and noun?;not assignable;word order;NP;1;1;1;1;1;?;1;1;1;1;1;1;1;1;1;1;1;1;1;1;1;1;1;1;1;1;1;1;1;1;1;1;1;1;1;1;1;?;1;1;1;1;1;1;1;1;1;1;1;1;1;1;1;1;1;1;1;1;1;1
GB196;Is there a male/female distinction in 2nd person independent pronouns?;pronoun;deixis;word;0;0;0;0;?;0;0;0;0;0;0;0;0;0;0;0;0;?;0;0;0;0;0;0;0;0;0;0;0;0;0;0;0;0;?;1;0;0;0;0;0;0;0;0;0;0;0;0;0;0;0;0;0;0;0;0;0;0;0;0
GB197;Is there a male/female distinction in 1st person independent pronouns?;pronoun;deixis;word;0;0;0;0;?;0;0;0;0;0;0;0;0;0;0;0;0;?;0;0;0;0;0;0;0;0;0;0;0;0;0;0;0;0;?;1;0;0;0;0;0;0;0;0;0;0;0;0;0;0;0;0;0;0;0;0;0;0;0;0
GB198;Can an adnominal numeral agree with the noun in gender/noun class?;numeral;class agreement;NP;0;0;0;0;0;0;0;0;0;0;0;0;0;0;0;0;0;0;0;0;0;0;0;0;0;0;0;0;0;0;0;0;0;0;0;0;0;0;0;0;0;0;0;0;0;0;0;0;0;0;0;0;0;0;0;0;0;0;0;0
GB203;What is the order of the adnominal collective universal quantifier ('all') and the noun?;not assignable;word order;NP;1;?;?;2;?;?;1;?;?;1;?;2;1;?;?;?;1;?;?;1;1;1;2;3;1;1;?;?;2;1;?;1;1;1;?;2;1;1;?;1;1;?;?;?;2;?;?;1;?;?;1;?;?;1;?;3;?;?;3;?
GB204;Do collective ('all') and distributive ('every') universal quantifiers differ in their forms or their syntactic positions?;other;quantification;multiple;1;1;?;?;?;?;1;1;?;1;?;?;1;1;?;?;?;?;?;0;1;?;1;0;?;1;?;?;1;1;?;1;1;0;?;1;1;?;?;?;1;?;?;?;1;?;?;1;?;?;1;?;?;1;0;1;?;1;1;?
GB250;Can predicative possession be expressed with a transitive 'habeo' verb?;verb;non-verbal predication;clause;0;0;?;0;?;?;0;0;0;0;0;?;0;0;1;0;0;1;0;0;?;?;0;0;?;?;0;?;0;0;0;?;0;0;?;1;0;?;?;?;0;0;?;0;0;0;?;0;0;1;?;0;0;0;0;0;?;?;0;0
GB252;Can predicative possession be expressed with an S-like possessum and a locative-coded possessor?;multiple;non-verbal predication;clause;0;1;?;1;?;?;0;1;1;0;1;?;1;1;1;1;1;?;1;1;1;1;1;1;?;?;1;?;1;1;0;?;1;1;?;1;1;?;?;?;?;?;?;1;?;0;?;0;1;?;?;1;0;1;1;1;?;?;0;1
GB253;Can predicative possession be expressed with an S-like possessum and a dative-coded possessor?;multiple;non-verbal predication;clause;0;0;?;1;?;?;0;0;1;1;1;?;0;1;0;1;1;?;0;0;?;1;0;1;?;?;1;?;0;1;1;?;1;0;?;1;0;?;?;?;1;?;?;1;?;0;?;1;0;?;?;1;0;0;0;1;?;?;0;0
GB254;Can predicative possession be expressed with an S-like possessum and a possessor that is coded like an adnominal possessor?;multiple;non-verbal predication;clause;1;1;?;0;?;?;1;1;0;0;0;?;1;0;0;1;0;?;1;1;1;?;1;0;?;1;0;1;0;0;0;?;1;1;?;0;0;?;?;?;?;0;1;1;1;1;?;1;1;?;?;0;1;1;0;1;?;?;0;0
GB256;Can predicative possession be expressed with an S-like possessor and a possessum that is coded like a comitative argument?;multiple;non-verbal predication;clause;0;0;?;0;?;?;0;0;1;1;?;?;0;1;0;1;?;?;0;0;?;1;0;0;?;?;0;?;0;1;0;?;0;0;?;0;0;?;?;?;?;?;?;?;1;0;?;0;0;?;?;1;0;0;0;1;?;?;1;0
GB257;Can polar interrogation be marked by intonation only?;not assignable;interrogation;clause;0;1;1;0;?;0;0;0;0;0;0;0;1;0;0;0;0;0;0;0;0;0;0;0;?;0;0;?;?;0;0;?;0;1;1;1;1;0;0;?;?;0;?;0;0;0;0;1;0;0;1;0;?;0;0;1;?;0;0;0
GB260;Can polar interrogation be indicated by a special word order?;multiple;interrogation;clause;0;0;0;0;0;0;0;0;0;0;0;0;0;0;0;0;0;0;0;0;0;0;0;0;?;0;0;?;?;0;0;?;0;0;0;0;0;0;0;0;0;0;?;0;0;0;0;0;0;0;0;0;?;0;0;0;0;0;0;0
GB262;Is there a clause-initial polar interrogative particle?;particle;interrogation;clause;0;0;0;0;0;0;0;0;0;0;0;0;0;0;0;0;0;0;0;0;0;0;0;0;?;0;0;?;?;0;0;0;0;0;0;0;0;0;0;0;0;0;0;0;0;0;0;0;0;0;0;0;?;0;0;0;?;0;0;0
GB263;Is there a clause-final polar interrogative particle?;particle;interrogation;clause;1;1;1;0;1;1;1;1;1;1;1;1;1;1;1;1;1;1;1;1;1;1;1;1;?;0;0;?;?;1;1;?;1;1;1;1;1;1;1;1;0;1;1;1;1;1;1;1;1;1;1;1;?;1;1;0;0;1;1;1
GB264;Is there a polar interrogative particle that most commonly occurs neither clause-initially nor clause-finally?;particle;word order;clause;0;0;0;0;0;0;0;0;0;0;0;0;0;0;0;0;0;0;0;0;0;0;0;0;?;0;0;?;?;0;0;?;0;0;0;0;0;0;0;1;1;0;0;0;0;0;0;0;0;0;0;0;?;0;0;0;?;1;0;0
GB265;Is there a comparative construction that includes a form that elsewhere means 'surpass, exceed'?;verb;non-verbal predication;clause;0;0;0;0;?;?;0;0;0;0;0;0;0;0;?;0;0;?;0;0;0;?;0;0;?;0;0;0;0;0;0;0;0;0;0;0;0;0;?;1;0;0;0;0;0;0;?;0;?;?;0;0;0;0;0;0;?;0;0;0
GB266;Is there a comparative construction that employs a marker of the standard which elsewhere has a locational meaning?;multiple;non-verbal predication;clause;1;1;1;1;?;?;1;1;1;1;1;1;1;1;1;1;1;?;1;1;1;?;0;1;?;0;1;1;1;0;1;1;1;1;0;0;0;1;?;?;1;1;1;0;1;1;?;1;?;?;1;1;1;1;1;1;?;0;?;0
GB270;Can comparatives be expressed using two conjoined clauses?;multiple;non-verbal predication;clause;0;0;0;0;?;?;0;0;0;0;0;0;0;0;?;0;0;?;0;0;0;?;0;0;?;0;0;0;0;0;0;0;0;0;0;0;0;0;?;?;0;0;0;0;0;0;?;0;?;?;0;0;0;0;0;0;?;0;0;0
GB273;Is there a comparative construction with a standard marker that elsewhere has neither a locational meaning nor a 'surpass/exceed' meaning?;particle;non-verbal predication;clause;0;0;0;0;?;?;0;0;0;1;0;0;0;0;1;0;0;?;0;0;0;?;1;1;?;1;0;0;0;1;0;0;0;0;1;1;1;0;1;?;0;1;0;1;0;0;?;0;1;?;0;0;0;0;0;0;?;1;1;1
GB275;Is there a bound comparative degree marker on the property word in a comparative construction?;adjective;non-verbal predication;word;0;1;1;0;?;?;1;1;0;0;0;0;0;0;?;0;?;?;1;0;0;?;0;0;?;0;?;1;1;0;0;1;1;0;0;0;0;?;0;?;0;0;0;0;0;0;?;1;?;?;1;0;1;1;0;0;?;0;0;?
GB276;Is there a non-bound comparative degree marker modifying the property word in a comparative construction?;particle;non-verbal predication;clause;1;0;0;0;?;?;0;0;0;0;0;0;1;0;?;0;?;?;0;0;0;?;1;0;?;0;0;0;0;0;0;1;0;0;0;0;0;?;0;?;0;0;0;0;0;0;?;0;?;?;0;0;0;0;0;0;?;0;0;?
GB285;Can polar interrogation be marked by a question particle and verbal morphology?;multiple;interrogation;clause;0;0;0;0;0;0;0;0;0;0;0;0;0;0;0;0;0;0;0;0;0;0;0;1;?;0;0;?;?;0;0;?;0;0;0;0;0;0;0;0;0;0;0;0;0;0;0;0;0;0;0;0;?;0;0;0;?;0;0;0
GB286;Can polar interrogation be indicated by overt verbal morphology only?;verb;interrogation;clause;0;0;1;1;0;0;0;0;0;0;0;0;0;0;0;0;0;0;0;0;0;0;0;0;?;0;1;?;?;0;0;0;0;0;0;0;1;0;0;0;0;0;0;0;0;0;0;0;0;0;0;1;?;0;0;0;?;0;0;0
GB291;Can polar interrogation be marked by tone?;not assignable;interrogation;clause;0;0;0;0;0;0;0;0;0;0;0;0;0;0;0;0;0;0;0;0;0;0;0;0;?;0;0;?;0;0;0;0;0;0;0;0;0;0;0;0;0;0;0;0;0;0;0;0;0;0;0;0;0;0;0;0;0;0;0;0
GB296;Is there a phonologically or morphosyntactically definable class of ideophones that includes ideophones depicting imagery beyond sound?;other;other;word;0;1;?;?;?;0;0;?;1;0;0;0;?;0;?;?;0;?;0;0;1;0;1;1;0;0;0;?;0;1;1;0;0;0;?;1;1;0;?;?;0;0;1;?;0;?;?;0;?;?;0;1;0;0;?;1;0;1;1;?
GB297;Can polar interrogation be indicated by a V-not-V construction?;verb;interrogation;clause;0;0;0;0;0;0;0;0;0;0;0;0;0;0;0;0;0;0;0;0;0;0;0;1;?;0;0;?;?;0;0;0;0;0;0;0;0;0;0;0;0;0;0;0;0;0;0;0;0;0;0;0;?;0;0;0;0;0;0;0
GB298;"Can standard negation be marked by an inflecting word (""auxiliary verb"")?";verb;negation;clause;0;0;1;0;0;0;0;0;0;0;0;0;0;?;0;1;1;0;0;0;0;0;0;0;0;?;0;0;1;1;1;0;0;0;0;0;0;0;0;0;0;0;1;1;0;0;0;1;0;1;0;0;0;0;0;1;0;1;0;1
GB299;"Can standard negation be marked by a non-inflecting word (""auxiliary particle"")?";particle;negation;clause;0;0;0;1;0;0;0;0;1;0;1;1;0;1;0;?;1;0;0;?;0;?;1;0;1;1;1;1;?;0;0;0;0;0;0;0;0;1;0;0;1;0;0;0;0;?;0;0;0;0;0;1;0;0;0;0;0;1;1;0
GB300;Does the verb for 'give' have suppletive verb forms?;verb;TAME+;word;0;?;0;0;?;0;0;?;0;0;0;0;0;0;0;?;0;?;0;0;?;0;?;0;?;0;0;?;?;0;0;0;0;0;?;0;0;0;?;0;0;0;?;?;0;0;0;0;?;?;0;?;0;0;?;0;0;?;0;?
GB301;Is there an inclusory construction?;multiple;deixis;clause;1;?;1;?;?;?;?;?;?;0;?;?;1;?;?;?;0;?;?;?;?;?;0;?;?;?;0;?;?;0;?;?;?;1;?;0;0;?;?;0;1;?;?;?;?;1;?;0;?;?;?;?;?;?;?;1;?;?;?;?
GB302;Is there a phonologically free passive marker ('particle' or 'auxiliary')?;particle;valency;clause;0;0;0;0;0;?;0;0;0;0;1;0;0;0;0;0;0;0;0;0;0;0;0;0;0;0;0;0;0;0;0;0;0;0;0;0;0;0;0;0;0;0;0;0;0;0;0;0;0;0;0;0;0;0;0;0;0;0;0;0
GB303;Is there a phonologically free antipassive marker ('particle' or 'auxiliary')?;particle;valency;clause;0;0;0;0;0;?;0;0;0;0;0;0;0;0;0;0;0;0;0;0;0;0;0;0;0;0;0;0;0;0;0;0;0;0;0;0;0;0;0;0;0;0;0;0;0;0;0;0;0;0;0;0;0;0;0;0;0;0;0;0
GB304;Can the agent be expressed overtly in a passive clause?;multiple;valency;clause;1;?;1;0;1;?;0;1;1;1;1;?;?;1;1;1;0;1;?;1;1;?;1;1;?;?;0;?;?;0;1;?;1;1;1;1;1;1;1;1;1;1;1;1;?;?;1;1;1;?;?;?;?;1;1;1;?;?;1;1
GB305;Is there a phonologically independent reflexive pronoun?;pronoun;valency;word;1;?;1;1;?;1;1;1;1;1;1;1;1;1;1;1;1;?;1;1;?;1;1;1;1;1;1;1;1;1;1;1;1;1;?;1;1;1;1;1;1;1;1;1;1;?;?;1;1;?;1;1;0;1;?;1;?;1;1;1
GB306;Is there a phonologically independent non-bipartite reciprocal pronoun?;pronoun;valency;word;0;?;?;?;?;0;0;0;0;0;0;?;0;0;?;0;0;?;0;0;?;0;1;1;0;?;?;?;?;0;?;0;0;0;?;1;?;0;1;0;0;0;0;?;0;?;?;?;?;?;?;0;0;?;?;0;?;?;0;0
GB309;Are there multiple past or multiple future tenses, distinguishing distance from Time of Reference?;verb;TAME;clause;0;0;0;?;0;1;1;1;0;?;0;0;1;0;0;1;0;0;1;1;1;0;1;1;1;0;0;0;?;0;1;1;1;1;0;0;0;0;0;0;1;0;0;?;0;1;0;1;0;0;0;0;1;1;0;1;1;0;1;0
GB312;Is there overt morphological marking on the verb dedicated to mood?;verb;TAME;word;1;1;1;1;1;1;1;1;1;1;1;1;1;1;1;1;1;1;1;1;1;1;1;1;1;1;1;1;1;1;1;1;1;1;1;1;1;0;1;1;1;1;1;1;1;1;1;1;1;1;1;1;1;1;1;1;1;1;1;1
GB313;Are there special adnominal possessive pronouns that are not formed by an otherwise regular process?;pronoun;possession;word;0;1;0;?;?;0;0;0;0;1;0;0;1;1;?;0;0;?;0;0;0;0;0;0;0;0;0;0;0;0;0;0;0;0;?;0;0;0;0;0;0;0;0;0;1;0;0;0;1;0;0;0;0;0;1;0;0;0;1;0
GB314;Can augmentative meaning be expressed productively by a shift of gender/noun class?;multiple;class agreement;word;0;0;0;0;0;0;0;0;0;0;0;0;0;0;0;0;0;0;0;0;0;0;0;0;0;0;0;0;0;0;0;0;0;0;0;0;0;0;0;0;0;0;0;0;0;0;0;0;0;0;0;0;0;0;0;0;0;0;0;0
GB315;Can diminutive meaning be expressed productively by a shift of gender/noun class?;multiple;class agreement;word;0;0;0;0;0;0;0;0;0;0;0;0;0;0;0;0;0;0;0;0;0;0;0;0;0;0;0;0;0;0;0;0;0;0;0;0;0;0;0;0;0;0;0;0;0;0;0;0;0;0;0;0;0;0;0;0;0;0;0;0
GB316;Is singular number regularly marked in the noun phrase by a dedicated phonologically free element?;particle;number;NP;0;0;0;0;0;0;0;0;0;0;0;0;0;0;0;0;0;0;0;0;0;0;0;0;0;0;1;0;0;0;0;0;0;0;0;0;0;0;0;0;0;0;0;0;0;0;0;0;0;0;0;0;0;0;0;0;0;0;0;0
GB317;Is dual number regularly marked in the noun phrase by a dedicated phonologically free element?;particle;number;NP;0;0;0;0;0;0;0;0;0;0;0;0;0;0;0;0;0;0;0;0;0;0;0;0;0;0;0;0;0;0;0;0;0;0;0;0;0;0;0;0;0;0;0;0;0;0;0;0;0;0;0;0;0;0;0;0;0;0;0;0
GB318;Is plural number regularly marked in the noun phrase by a dedicated phonologically free element?;particle;number;NP;0;0;0;0;0;0;0;0;0;0;0;0;0;0;0;0;0;0;0;0;0;0;0;0;0;0;1;0;0;0;0;0;0;0;0;0;0;0;0;0;0;0;0;0;0;0;0;0;0;0;0;0;0;0;0;0;0;0;0;0
GB319;Is trial number regularly marked in the noun phrase by a dedicated phonologically free element?;particle;number;NP;0;0;0;0;0;0;0;0;0;0;0;0;0;0;0;0;0;0;0;0;0;0;0;0;0;0;0;0;0;0;0;0;0;0;0;0;0;0;0;0;0;0;0;0;0;0;0;0;0;0;0;0;0;0;0;0;0;0;0;0
GB320;Is paucal number regularly marked in the noun phrase by a dedicated phonologically free element?;particle;number;NP;0;0;0;0;0;0;0;0;0;0;0;0;0;0;0;0;0;0;0;0;0;0;0;0;0;0;0;0;0;0;0;0;0;0;0;0;0;0;0;0;0;0;0;0;0;0;0;0;0;0;0;0;0;0;0;0;0;0;0;0
GB321;Is there a large class of nouns whose gender/noun class is not phonologically or semantically predictable?;multiple;class agreement;word;0;0;0;0;0;0;0;0;0;0;0;0;0;0;0;0;0;0;0;0;0;0;0;0;0;0;0;0;0;0;0;0;0;0;0;0;0;0;0;0;0;0;0;0;0;0;0;0;0;0;0;0;0;0;0;0;0;0;0;0
GB322;Is there grammatical marking of direct evidence (perceived with the senses)?;verb;TAME;clause;0;0;0;0;0;0;1;0;0;0;0;1;0;1;0;0;1;?;0;0;0;0;1;0;0;?;0;0;0;0;0;0;0;0;0;0;0;1;0;?;0;1;0;?;0;0;0;0;0;0;0;1;0;1;?;1;0;0;1;1
GB323;Is there grammatical marking of indirect evidence (hearsay, inference, etc.)?;verb;TAME;clause;0;0;0;0;0;?;?;1;0;0;0;0;1;0;1;0;0;?;0;1;1;0;0;0;0;0;1;0;0;0;0;0;1;0;1;0;1;0;1;?;1;0;0;?;0;0;0;0;0;0;1;1;0;0;?;1;1;0;0;0
GB324;Is there an interrogative verb for content interrogatives (who?, what?, etc.)?;verb;interrogation;clause;0;0;0;1;?;?;0;?;0;0;0;1;1;1;?;0;?;?;0;1;?;1;0;1;0;?;1;1;?;1;0;0;0;0;?;1;0;0;1;0;?;0;?;1;1;1;0;1;?;?;0;1;0;?;1;0;1;1;1;?
GB325;Is there a count/mass distinction in interrogative quantifiers?;particle;quantification;word;1;0;?;?;?;?;0;0;0;0;0;1;0;1;?;0;?;?;0;1;1;1;1;0;1;1;?;0;?;0;?;0;0;0;?;0;0;0;0;?;0;0;0;0;0;0;?;0;1;?;?;0;?;0;1;0;?;?;1;?
GB326;Do (nominal) content interrogatives normally or frequently occur in situ?;not assignable;word order;clause;1;0;?;1;?;?;1;1;1;1;?;1;1;1;?;1;?;?;?;?;1;1;1;1;?;1;1;?;?;1;?;1;0;1;1;1;1;?;1;1;1;?;?;1;1;1;?;0;1;1;1;1;?;1;?;0;?;?;1;1
GB327;Can the relative clause follow the noun?;not assignable;word order;clause;0;0;1;0;0;1;0;0;0;0;0;0;1;0;0;0;0;0;0;?;1;0;0;0;?;0;0;?;?;0;?;0;0;1;0;0;0;0;0;0;1;1;?;0;0;?;0;0;0;0;0;0;1;0;?;1;0;0;0;0
GB328;Can the relative clause precede the noun?;not assignable;word order;clause;1;1;?;1;1;1;1;1;1;1;1;1;1;1;1;1;1;1;1;?;1;1;1;1;?;1;1;?;?;1;?;1;1;1;1;1;1;1;1;1;1;0;1;1;1;?;1;1;1;1;1;1;1;1;?;1;1;1;1;1
GB329;Are there internally-headed relative clauses?;not assignable;word order;clause;0;0;?;0;0;0;0;0;0;0;0;0;0;0;?;0;0;?;0;?;0;0;0;1;?;0;0;?;?;0;?;0;0;?;0;1;0;0;?;0;0;0;?;?;0;0;?;1;0;?;0;?;0;?;?;1;0;?;1;?
GB330;Are there correlative relative clauses?;not assignable;word order;clause;0;0;0;?;0;0;0;0;0;0;0;0;0;0;?;0;0;?;0;?;0;0;0;0;?;0;0;?;?;0;?;0;0;?;0;0;0;0;0;0;1;0;?;0;?;0;0;0;0;0;0;0;0;?;?;0;0;?;0;?
GB331;Are there adjoined relative clauses?;not assignable;word order;clause;0;0;0;?;0;0;0;0;0;0;0;0;0;0;?;0;0;?;0;?;0;0;0;0;?;0;0;?;?;0;?;0;0;?;0;0;0;0;0;0;0;0;?;0;?;0;0;0;0;0;0;0;0;?;?;0;0;?;0;?
GB333;Is there a decimal numeral system?;other;quantification;word;1;1;1;1;?;?;1;1;1;1;1;1;1;1;?;1;1;?;1;1;1;1;1;1;1;1;1;1;1;1;1;1;1;1;?;1;1;1;1;?;1;1;1;1;1;1;?;1;1;?;1;1;1;1;1;1;?;1;1;?
GB334;Is there synchronic evidence for any element of a quinary numeral system?;other;quantification;word;0;0;0;0;?;?;0;0;0;0;0;0;0;0;?;0;0;?;0;0;0;0;0;0;0;0;0;?;0;0;0;0;0;0;?;0;0;0;0;0;0;0;0;0;0;0;?;0;0;?;0;0;0;0;0;0;?;0;0;0
GB335;Is there synchronic evidence for any element of a vigesimal numeral system?;other;quantification;word;0;0;0;0;?;?;0;0;0;0;0;0;0;0;?;0;0;?;0;0;0;0;0;0;0;0;0;?;0;0;0;0;0;0;?;0;0;0;0;?;0;0;0;0;0;0;?;0;0;?;0;0;0;0;0;0;?;0;0;?
GB336;Is there a body-part tallying system?;noun;quantification;word;0;0;0;0;0;0;0;0;0;0;0;0;0;0;?;0;0;?;0;0;0;0;0;0;0;0;0;0;0;0;0;0;0;0;?;0;0;0;0;0;0;0;0;0;0;0;?;0;0;?;0;0;0;0;0;0;0;0;0;0
GB400;Are all person categories neutralized in some voice, tense, aspect, mood and/or negation?;verb;TAME;clause;0;?;0;?;0;0;1;0;0;0;0;1;0;0;0;?;0;0;0;0;0;?;0;0;0;0;0;0;0;0;0;0;0;0;0;0;0;0;0;0;0;0;0;?;0;0;0;0;0;0;1;?;0;1;0;1;0;0;0;0
GB401;Is there a class of patient-labile verbs?;verb;valency;clause;0;?;?;?;?;?;0;?;?;?;?;?;1;?;?;?;?;?;0;0;?;?;?;?;?;1;?;1;?;0;?;?;?;0;?;1;?;?;?;0;?;?;?;?;?;?;?;0;?;?;?;?;?;?;?;0;?;?;?;1
GB402;Does the verb for 'see' have suppletive verb forms?;verb;TAME+;word;0;?;0;0;?;0;0;?;0;0;0;0;0;0;0;?;0;?;0;0;?;0;?;0;?;0;0;?;?;0;0;0;0;0;?;0;0;0;?;0;0;0;?;?;0;?;0;0;?;?;0;?;0;0;0;0;0;0;0;?
GB403;Does the verb for 'come' have suppletive verb forms?;verb;TAME+;word;0;?;0;0;?;0;0;?;0;0;0;0;0;0;?;?;0;?;0;0;?;0;?;0;?;0;0;?;?;0;0;0;0;0;1;1;1;0;?;0;0;0;?;?;0;?;1;0;?;?;0;?;0;0;0;0;0;?;0;?
GB408;Is there any accusative alignment of flagging?;multiple;argument marking (core);clause;1;1;1;1;1;1;1;1;1;1;1;1;1;1;0;1;1;1;1;1;1;1;1;1;1;1;1;1;1;1;1;1;1;1;1;1;1;1;1;1;1;1;1;1;1;1;1;1;1;1;1;1;1;1;1;1;1;1;1;1
GB409;Is there any ergative alignment of flagging?;multiple;argument marking (core);clause;0;?;0;0;0;0;0;0;0;0;0;0;0;?;0;0;0;0;0;0;0;0;?;0;0;0;0;0;0;0;0;0;0;0;0;0;0;0;0;1;0;0;0;0;?;0;0;0;0;0;0;0;0;0;0;?;0;0;0;0
GB410;Is there any neutral alignment of flagging?;multiple;argument marking (core);clause;1;1;0;1;0;?;1;1;1;1;1;1;1;1;1;0;1;0;1;1;?;1;1;1;1;0;1;0;0;0;0;?;?;1;0;0;0;1;0;0;?;1;0;0;1;1;0;0;0;0;0;1;1;1;1;1;1;0;1;0
GB415;Is there a politeness distinction in 2nd person forms?;pronoun;deixis;word;0;0;0;0;?;1;1;0;0;0;0;1;1;0;0;0;0;?;1;1;0;1;1;0;0;1;0;0;0;0;0;0;1;0;?;1;0;0;1;0;0;0;0;0;1;0;1;0;1;0;0;1;0;0;0;0;1;1;0;0
GB421;Is there a preposed complementizer in complements of verbs of thinking and/or knowing?;not assignable;word order;clause;1;?;0;?;?;?;0;1;0;0;0;?;1;0;?;0;0;?;0;1;?;?;0;0;?;?;0;?;?;0;?;0;0;?;0;0;0;?;0;0;0;0;?;0;?;?;?;0;0;?;1;?;1;?;?;0;?;?;0;0
GB422;Is there a postposed complementizer in complements of verbs of thinking and/or knowing?;not assignable;word order;clause;0;?;0;?;?;?;0;?;0;0;0;?;0;0;1;0;0;?;0;0;?;?;1;0;?;?;0;?;?;0;?;0;1;?;1;1;1;?;0;?;?;0;?;0;?;?;?;0;1;?;0;?;0;?;?;0;?;?;0;1
GB430;Can adnominal possession be marked by a prefix on the possessor?;multiple;possession;word;0;0;0;0;0;0;0;0;0;0;0;0;0;0;0;0;0;0;0;0;0;0;0;0;0;0;0;0;0;0;0;0;0;0;0;0;0;0;0;0;0;0;0;0;0;0;0;0;0;0;0;0;0;0;0;0;0;0;0;0
GB431;Can adnominal possession be marked by a prefix on the possessed noun?;multiple;possession;word;0;0;0;0;0;0;0;0;0;0;0;0;0;0;1;0;0;0;0;0;0;0;0;0;0;0;0;0;0;0;0;0;0;0;0;0;0;0;0;0;0;0;0;0;0;0;0;0;0;0;0;0;0;0;0;0;0;0;0;0
GB432;Can adnominal possession be marked by a suffix on the possessor?;multiple;possession;word;1;1;0;1;1;1;1;1;1;0;1;1;1;1;1;1;1;1;1;1;1;1;1;1;1;1;1;1;0;0;0;1;1;1;1;1;1;1;1;1;1;1;0;1;1;1;1;1;1;1;1;0;1;1;1;0;1;0;0;1
GB433;Can adnominal possession be marked by a suffix on the possessed noun?;multiple;possession;word;1;1;1;?;0;1;1;1;1;1;1;1;1;1;0;1;1;0;1;1;1;1;0;0;1;0;1;1;1;1;1;1;1;1;0;0;0;1;0;0;1;1;1;1;1;1;0;1;0;0;1;1;1;1;1;1;1;1;1;0
GB519;"Can mood be marked by a non-inflecting word (""auxiliary particle"")?";particle;TAME;clause;0;0;0;0;0;0;0;1;0;1;0;0;1;0;0;0;0;1;0;0;0;1;0;0;0;0;0;0;0;0;0;0;1;0;0;1;1;0;0;0;1;0;0;?;0;0;0;0;?;0;1;0;?;1;0;0;0;0;0;0
GB520;"Can aspect be marked by a non-inflecting word (""auxiliary particle"")?";particle;TAME;clause;0;0;0;0;0;0;0;0;0;0;0;0;0;0;0;0;0;0;0;0;0;0;0;0;0;0;0;0;0;0;0;0;0;0;0;0;1;0;0;0;0;0;0;?;0;0;0;0;0;0;0;0;0;1;0;0;0;0;0;0
GB521;"Can tense be marked by a non-inflecting word (""auxiliary particle"")?";particle;TAME;clause;0;0;0;1;0;0;0;1;0;0;0;0;0;0;0;0;0;0;0;0;0;0;0;0;1;0;0;0;0;0;0;0;0;0;0;0;0;0;0;0;0;0;0;?;0;0;0;0;0;0;0;0;0;0;0;0;0;0;1;0
GB522;"Can the S or A argument be omitted from a pragmatically unmarked clause when the referent is inferrable from context (""pro-drop"" or ""null anaphora"")?";not assignable;argument marking (core);clause;1;1;1;1;1;1;1;1;1;1;1;?;1;1;1;?;1;1;?;1;1;1;1;1;1;1;1;1;1;1;?;1;1;1;1;1;1;1;1;1;?;1;1;?;1;1;?;0;1;1;1;?;1;1;1;1;1;?;?;1
TE001;Is root structure predominantly polysyllabic?;multiple;NA;NA;1;0;?;?;?;?;0;?;?;?;?;?;?;?;?;?;?;?;?;?;?;1;1;?;?;?;?;?;?;?;?;?;?;1;?;1;1;?;1;?;?;?;?;?;?;?;?;0;1;?;?;?;?;?;?;1;?;?;?;?
TE002;Are complex tonal distinctions lacking?;multiple;NA;NA;1;1;1;1;1;?;1;1;1;1;1;?;1;1;1;?;?;?;1;1;1;1;1;1;?;0;1;1;1;1;1;1;1;1;1;1;1;1;1;?;1;1;1;1;1;1;1;1;0;1;1;1;1;1;1;1;1;1;1;0
TE003;Is there palatal vowel harmony?;not assignable;phonological distinctiveness;phonological shape;1;1;0;0;0;1;1;1;1;1;0;1;1;?;0;0;0;0;1;1;0;1;1;0;1;0;0;0;?;0;0;1;1;1;0;0;0;1;0;0;1;1;0;0;1;1;0;0;0;0;1;1;1;1;1;0;1;1;1;0
TE004;Is there tongue root vowel harmony?;not assignable;phonological distinctiveness;phonological shape;0;0;1;0;0;0;0;0;0;0;0;0;0;?;0;1;0;0;0;0;0;0;0;1;0;1;0;0;?;0;1;0;0;0;0;0;0;0;0;0;0;0;1;1;0;0;0;1;0;0;0;0;0;0;0;0;0;0;0;0
TE005;Is there an initial velar nasal?;not assignable;phonological distinctiveness;phonological shape;0;0;1;1;0;?;0;0;0;0;0;?;0;0;0;0;?;0;?;0;0;0;0;0;?;?;0;?;1;1;1;?;0;0;0;0;0;?;0;1;?;0;1;1;0;0;0;1;0;0;0;0;0;0;0;1;0;1;0;?
TE006;Is there an initial r-?;not assignable;phonological distinctiveness;phonological shape;0;0;0;1;?;?;0;?;0;0;?;?;0;0;0;0;1;?;?;0;0;0;1;0;?;?;1;?;0;0;0;?;1;0;?;1;1;?;1;?;0;0;0;0;0;?;1;0;1;1;?;?;0;1;0;0;1;0;0;?
TE007;Are there initial consonant clusters in native words?;not assignable;phonological distinctiveness;phonological shape;0;0;0;1;0;?;0;0;0;0;0;1;0;0;0;0;1;1;?;0;0;0;0;0;0;1;1;0;?;0;0;?;?;0;0;0;1;0;0;?;0;0;0;0;0;0;0;0;0;1;?;0;0;0;0;0;0;0;0;0
TE008;Is there a voicing distinction in stops?;not assignable;phonological distinctiveness;phonological shape;1;1;1;1;1;?;0;1;0;1;1;0;1;0;1;1;0;1;1;1;1;1;0;1;1;0;0;1;1;1;1;1;1;1;1;1;0;1;1;1;1;0;1;1;1;1;1;1;1;1;1;1;1;1;1;1;1;1;1;1
TE009;Are borrowed verbs accommodated through a light-verb or a verbalizer?;verb;NA;NA;1;?;?;?;?;?;1;?;?;?;?;?;1;1;?;1;?;?;?;?;?;?;1;?;?;?;?;?;?;?;?;?;?;?;?;1;?;?;?;?;?;?;?;?;?;?;?;0;?;?;?;?;?;?;?;?;?;?;?;?
TE012;Are property words verbally or nominally encoded?;adjective;NA;word;0;?;0;1;0;?;0;?;?;?;0;?;?;?;?;0;0;0;0;?;0;0;1;1;?;?;0;0;0;0;?;?;?;0;?;1;0;?;?;?;?;0;0;0;?;0;0;0;?;0;0;?;0;0;?;0;?;0;0;0
TE014;Is there partial emphatic reduplication of nominal property words?;adjective;other;word;1;1;0;1;1;?;1;?;1;?;1;?;?;?;?;1;?;0;1;1;?;?;0;0;?;?;?;?;0;1;0;?;1;1;?;0;1;?;?;?;1;?;1;?;1;1;?;?;?;1;?;1;1;1;?;0;?;0;0;?
TE015;Are morphemes connected linearly in a way that there is a one on one relationship between a morpheme and its meaning?;multiple;NA;NA;1;1;1;1;1;1;1;1;1;1;1;1;1;1;1;1;1;1;1;1;1;1;1;1;?;1;1;1;1;1;1;1;1;1;1;1;1;1;1;1;1;1;1;1;1;1;1;1;1;1;1;1;1;1;1;1;1;1;1;1
TE016;Is inflectional morphology predominantly suffixing?;word;NA;word;1;1;1;1;1;1;1;1;1;1;1;1;1;1;1;1;1;1;1;1;1;1;1;1;1;1;1;1;1;1;1;1;1;1;1;1;1;1;1;0;1;1;1;1;1;1;1;1;1;1;1;1;1;1;1;1;1;1;1;0
TE018;Is there a mi-ti opposition in 1 vs. 2 SG personal pronouns?;pronoun;phonological distinctiveness;phonological shape;1;0;0;1;?;1;1;1;1;0;1;1;0;1;0;1;1;?;1;1;1;1;0;1;1;0;1;1;1;1;1;1;1;1;?;0;0;1;0;0;1;1;1;1;1;1;0;1;0;0;1;?;1;1;1;1;1;1;0;0
TE019;Is the secondary oblique stem of personal pronouns formed with a dental nasal?;pronoun;phonological distinctiveness;phonological shape;1;1;1;1;?;1;1;1;1;1;1;1;1;1;0;1;0;?;1;1;1;1;0;1;1;0;1;1;1;1;1;1;1;1;?;0;0;1;0;0;1;0;1;1;1;1;0;1;0;0;1;1;1;1;1;1;1;1;0;0
TE022;Are gerunds or adverbial participles used to mark adverbial subordination?;NA;NA;NA;1;1;?;?;1;1;1;1;1;?;?;?;?;1;1;1;1;1;1;?;1;?;1;1;?;1;?;0;1;1;1;1;1;1;?;1;1;?;1;1;1;0;1;1;1;1;?;1;?;?;?;1;?;1;1;1;1;?;?;1
TE025;Are specific non-finite and finite suffixes expressed by a formally identical suffix?;NA;NA;NA;1;?;?;?;?;?;?;?;?;?;?;?;?;?;?;?;?;?;?;?;?;?;?;?;?;?;?;?;?;?;?;?;?;?;?;1;?;?;?;?;?;?;?;?;?;?;?;?;?;?;?;?;?;?;?;?;?;?;?;?
TE026;Are specific negative verbs and negative suffixes/particles expressed by a formally identical suffix?;NA;NA;NA;0;0;0;?;?;?;?;?;?;?;?;?;0;1;0;?;?;0;?;?;?;0;1;1;?;?;0;0;?;?;0;?;?;?;?;1;?;?;0;0;?;?;0;?;?;0;0;?;?;?;0;?;?;?;?;0;?;0;?;0
TE027;Can 1PL marker be augmented by a collective plural marker?;pronoun;deixis;word;1;0;0;1;?;1;?;0;0;0;0;1;0;1;0;0;1;?;1;0;0;1;1;0;0;1;0;1;0;0;1;1;1;1;?;0;0;1;0;0;1;0;0;?;1;0;0;0;0;1;0;1;0;1;0;0;?;0;0;1
TE028;Do core adjectives (defined semantically as property concepts such as value, shape, age, dimension) act like nouns in predicative position?;adjective;non-verbal predication;word;0;1;;?;;;1;;;;;;;1;;1;;;;;;1;?;?;?;0;1;1;;;0;;;?;;1;0;;;;;;1;;?;1;;1;1;;1;?;;;;1;;1;1;
TE029;"Do core adjectives (defined semantically as property concepts; value, shape, age, dimension) used attributively require the same morphological treatment as nouns?";adjective;other;word;0;0;;?;;;1;;;;;;;1;;1;;;;;;1;?;?;?;0;1;1;;1;0;;;?;;1;0;;;;;;1;;1;1;;1;1;;1;?;;;;1;;1;1;
TE031;Is there a non-initial velar nasal?;not assignable;phonological distinctiveness;phonological shape;0;1;1;1;0;?;0;1;1;1;1;1;0;1;0;1;1;0;1;0;1;1;1;1;1;1;0;1;1;1;1;1;1;0;0;0;0;1;0;1;1;1;1;1;1;1;0;1;0;0;1;1;1;1;1;1;1;1;0;1
TE033;Is there a reciprocal marker that is distinct from the reflexive marker?;pronoun;valency;NA;1;?;1;1;?;1;1;1;?;0;?;?;?;1;?;?;?;?;1;1;?;1;1;1;?;?;?;?;0;1;?;?;1;?;?;1;?;?;1;0;1;?;1;?;?;?;?;1;?;?;?;1;1;?;1;1;1;?;1;?
TE034;Are there deranked purpose clauses?;NA;NA;NA;1;?;?;?;?;?;1;?;?;?;?;?;?;?;?;?;?;?;?;?;?;?;1;?;?;?;?;?;?;1;?;?;?;?;?;1;1;?;?;?;?;?;?;?;?;1;?;?;?;?;?;?;?;?;?;?;?;?;?;?
TE036;Can the notional subject of a want complement clause be left implicit when it is coreferential with the wanter?;NA;NA;NA;1;?;?;?;?;?;?;?;?;?;?;?;?;?;?;?;?;?;?;?;?;?;1;?;?;?;?;?;?;1;?;?;?;?;?;1;?;?;?;?;?;?;?;?;?;1;?;?;?;?;?;?;?;?;?;1;?;?;?;?
TE037;Is there a voicing distinction in fricatives?;not assignable;phonological distinctiveness;phonological shape;1;1;0;1;1;?;0;1;0;1;0;1;1;1;1;0;1;1;1;1;1;0;0;1;1;1;0;1;0;0;0;1;1;1;0;1;0;1;1;0;1;0;1;0;1;1;0;0;0;1;1;1;1;1;1;0;1;0;0;0
TE038;Are there two separate liquid phonemes (r/l)?;not assignable;phonological distinctiveness;phonological shape;1;1;1;1;0;?;1;1;1;1;1;1;1;1;0;1;1;0;1;1;1;1;0;1;1;0;1;1;1;1;0;1;1;1;0;0;0;1;0;0;1;1;1;0;1;1;0;1;0;0;1;1;1;1;1;0;1;1;1;0
TE039;Is there vowel length distinction?;not assignable;phonological distinctiveness;phonological shape;0;0;1;1;1;?;0;0;1;1;0;1;1;1;?;1;1;1;1;0;1;1;1;0;1;0;0;0;1;1;1;0;0;0;?;1;1;1;1;0;1;1;1;1;1;1;1;1;1;1;0;1;1;1;1;1;1;1;1;0
TE040;Are causative posture verbs derived and static-dynamic verbs basic?;verb;NA;NA;0;?;?;?;?;?;1;?;?;1;?;?;?;?;?;?;1;?;?;?;?;?;?;?;?;?;1;?;?;1;?;?;?;?;?;1;?;?;?;?;?;?;?;?;?;1;?;?;?;?;?;?;?;?;?;?;?;?;?;?
TE041;Is there a male/female distinction in the sibling terms from the perspective of the speaker?;NA;NA;NA;1;?;?;?;?;?;?;?;?;?;?;?;?;?;?;?;?;?;?;?;?;?;1;?;?;?;?;?;?;1;?;?;?;?;?;0;?;?;?;?;?;?;?;?;?;1;?;?;?;?;?;?;?;?;?;?;?;?;?;?
TE042;Is there an age distinction in sibling terms?;NA;NA;NA;1;?;?;?;?;?;?;?;?;?;?;?;?;?;?;?;?;?;?;?;?;?;1;?;?;?;?;?;?;?;?;?;?;0;?;1;1;?;?;?;?;?;?;?;?;1;?;?;?;?;?;?;?;?;?;?;?;?;?;?
TE043;Are nouns most commonly derived from verbs than the other way around?;NA;NA;NA;1;?;?;?;?;?;?;?;?;?;?;?;?;?;?;?;?;?;?;?;?;?;1;?;?;?;0;?;?;?;1;?;?;?;?;1;0;?;?;?;0;?;?;?;?;?;?;0;?;?;1;?;1;?;?;0;?;1;?;?
TE044;Are hand and arm expressed by the same term?;NA;NA;NA;0;?;?;?;?;?;1;?;?;?;?;?;?;1;?;1;?;?;?;?;?;?;0;1;?;?;1;0;?;?;?;?;?;1;?;0;?;?;?;?;?;?;?;?;0;1;?;0;?;?;1;1;?;?;?;1;?;?;?;?
TE045;Are moon and month expressed by the same term?;NA;NA;NA;1;?;?;?;?;?;1;?;?;?;?;?;?;?;?;?;?;?;?;?;?;?;1;?;?;?;?;?;?;?;?;?;?;1;?;0;?;?;?;?;?;?;?;?;?;1;?;?;?;?;?;?;?;?;?;?;?;?;?;?
TE046;Is there a plural/collective suffix that is restricted to animates?;noun;number;NA;0;0;0;0;?;0;0;0;1;0;0;0;0;1;1;0;0;?;0;0;0;1;0;1;0;1;0;0;0;1;1;0;0;0;1;1;1;1;1;0;0;1;1;1;1;0;1;0;1;?;0;?;0;0;0;1;0;0;1;0
TE047;Can scalar additive operators (even) also be used in non-scalar contexts (also)?;NA;NA;NA;0;?;?;?;?;?;?;?;?;?;?;?;?;?;?;?;?;?;?;?;?;?;1;?;0;1;1;?;?;?;?;?;?;0;?;1;?;?;?;0;?;?;?;?;?;1;1;?;?;?;0;?;?;?;?;?;?;?;?;?
TE048;Is there a reflexive-possessive affix?;NA;possession;NA;0;?;?;?;?;?;?;?;?;?;?;?;0;?;0;?;?;?;?;?;?;?;0;?;?;?;0;?;?;1;1;?;?;?;?;0;?;?;?;?;?;?;?;?;?;?;?;1;?;?;?;?;?;?;?;1;?;?;?;0
TE049;Are demonstratives verbally encoded?;demonstrative;deixis;NA;0;0;0;?;?;?;0;0;0;?;0;0;0;?;0;0;0;?;0;?;0;0;0;0;?;?;?;0;0;1;0;?;?;0;?;0;0;0;?;0;0;0;0;0;?;0;0;0;?;?;0;?;0;?;?;0;?;0;0;0
TE050;Do cardinal numerals require agreement on noun phrases?;noun;number;NP;0;0;0;0;0;0;0;0;0;0;0;0;0;0;1;0;0;0;0;0;0;0;0;0;0;0;0;0;1;0;0;?;0;0;?;0;0;0;0;0;0;0;0;0;0;0;?;0;0;?;0;0;0;0;0;0;0;?;0;?
TE051;Is nominative case unmarked?;noun;argument marking (core);word;1;1;1;1;0;1;1;1;1;1;0;1;1;1;1;1;1;0;1;1;1;1;1;1;1;0;1;1;0;1;1;1;1;1;0;1;0;1;0;1;1;1;1;1;1;1;0;1;0;0;1;1;1;1;1;1;1;1;0;0
TE052;Are accusative-marked objects specific while unmarked objects are non-specific?;multiple;argument marking (core);word;1;1;0;1;0;?;1;1;1;1;1;1;1;1;0;0;1;0;1;1;?;1;0;1;0;0;1;0;0;0;0;?;?;1;0;0;0;1;0;0;?;1;0;0;1;1;0;0;0;0;1;1;1;1;1;1;1;0;1;0
TE053;Are recipient and location expressed by the same marker?;multiple;argument marking (non-core);word;0;0;1;1;0;0;1;0;1;1;1;1;0;1;0;1;1;?;0;0;0;1;1;1;1;1;1;1;?;1;0;0;0;0;?;1;1;1;0;1;1;1;1;1;1;1;1;0;0;1;0;1;1;0;0;1;0;0;1;1
TE054;Is there a distinction between marking of interrogation in polar and content questions?;multiple;interrogation;clause;1;1;1;1;?;?;1;1;1;1;?;?;1;1;1;1;?;1;1;?;1;1;0;0;?;1;1;?;?;1;1;?;1;1;1;0;?;?;1;1;1;1;?;1;1;1;1;1;1;1;1;0;?;1;?;0;?;1;1;1
TE055;Is acting agent in passive clause expressed by a dative-marked noun phrase?;multiple;valency;clause;0;0;1;0;1;?;0;0;1;1;0;?;?;1;1;1;0;1;?;1;1;?;1;1;?;?;0;?;?;1;1;?;0;0;1;1;1;1;1;1;1;1;1;1;1;0;1;1;1;?;?;1;?;1;0;1;0;?;1;0
TE056;Is the subject of an adnominalized clause marked by the genitive case?;multiple;argument marking (core);clause;1;?;?;?;?;?;?;1;?;?;?;?;?;?;?;?;?;?;?;?;?;1;?;0;1;?;?;?;?;1;?;?;?;?;?;0;?;?;?;?;?;?;?;1;?;0;?;?;?;?;1;?;?;?;?;1;?;?;?;?
TE057;Can a passive construction have adversative meaning?;NA;valency;NA;0;?;0;?;?;?;0;?;?;0;?;0;?;?;?;?;0;?;?;?;?;?;1;?;?;?;0;?;?;0;?;?;?;?;?;1;1;?;?;?;?;?;?;?;?;0;?;1;1;?;?;?;0;?;?;0;?;?;0;1
TE058;Can demonstrative/interrogative verbs be derived from pronouns and light verbs to do?;verb;other;NA;0;?;0;?;?;?;0;0;?;?;?;1;0;?;?;?;?;?;?;0;0;?;0;?;?;?;?;?;0;?;?;?;?;0;?;0;0;1;0;?;?;?;0;0;?;?;?;?;?;?;0;?;?;?;?;?;?;?;?;0
TE059;Are causative and passive expressed by a formally identical marker?;verb;valency;word;0;0;0;0;0;?;0;0;0;1;0;0;0;0;0;0;0;0;0;?;0;?;1;1;?;1;0;0;0;0;0;?;0;0;0;0;0;0;0;?;?;0;0;1;0;0;0;1;0;0;0;0;0;0;1;0;?;0;0;0
TE060;Are converb suffixes and deverbal noun suffixes formally identical?;multiple;NA;word;?;1;?;?;?;?;1;?;?;?;?;?;?;?;?;?;?;?;?;?;?;?;?;?;?;?;?;?;?;?;?;?;?;?;?;?;?;?;?;?;?;?;?;?;?;?;?;?;?;?;?;?;?;?;?;?;?;?;?;?
TE061;Are quotative markers adverbial derivations from a verb to say?;verb;NA;NA;1;?;?;?;?;?;?;?;?;?;?;?;?;1;?;1;?;?;1;?;1;?;1;1;?;?;?;?;?;0;?;?;?;?;?;0;?;?;0;?;?;?;?;?;?;1;?;?;?;?;?;?;?;1;?;1;?;?;?;?
TE062;Can relational adpositions (e.g. under) be derived from a place noun (e.g. bottom) and a locational suffix (e.g. at LOC)?;other;argument marking (non-core);word;1;?;?;?;?;1;1;1;?;?;?;1;1;1;?;1;1;?;1;1;1;?;?;1;?;0;?;?;?;1;1;?;1;?;?;0;?;?;0;?;?;?;1;1;1;?;?;1;?;?;0;1;1;1;?;1;?;1;1;0
TE063;Are hortatives/purposives encoded by the same marker (eventually involving a converb of the verb to say)?;verb;NA;NA;0;?;?;?;?;?;1;?;?;?;?;?;?;?;0;?;?;?;?;?;?;?;?;?;?;?;?;?;?;0;?;?;?;?;?;1;0;?;?;?;?;?;0;?;?;1;?;?;?;?;?;?;0;?;?;0;?;0;?;?
TE064;Are denominal verbalizers and deverbal suffixes sharing comparable actional semantics expressed by the same marker?;verb;NA;NA;?;?;?;?;?;?;?;?;?;?;?;?;?;?;?;?;?;?;?;?;?;?;?;?;?;?;?;?;?;1;?;?;?;?;?;?;?;?;?;?;?;?;?;?;?;?;?;?;?;?;?;?;?;?;?;?;?;?;?;?
TE065;Is it is becoming if grammaticalized in deontic modality?;verb;NA;NA;0;?;1;?;?;?;?;?;?;?;?;?;?;?;?;?;?;?;?;?;?;?;1;?;?;?;?;?;?;?;?;?;?;0;?;1;?;?;?;?;?;?;0;?;1;0;?;?;?;?;?;?;0;?;?;0;?;?;0;1
TE066;Is imperative form for 2SG identical to bare verb root?;verb;TAME;word;1;1;0;1;0;1;1;1;1;1;1;1;1;1;0;0;1;0;1;1;1;1;0;1;1;0;1;1;0;0;0;1;1;1;0;0;0;1;0;0;1;1;0;0;1;1;0;0;0;0;1;1;1;1;1;0;1;0;1;0
TE067;Is person marking on the verb formally identical to independent personal pronouns?;verb;NA;NA;0;?;?;?;?;?;0;?;0;?;?;?;0;0;0;?;0;0;?;?;?;?;0;?;?;0;0;1;?;0;?;?;1;?;?;0;0;?;0;?;?;0;1;1;?;?;?;?;0;0;?;?;?;0;1;0;1;1;?;0
TE068;Is there a comparative construction that employs a marker of the standard which elsewhere has a meaning to see?;verb;NA;clause;0;?;0;?;?;?;0;0;0;?;0;0;0;0;?;0;0;?;0;0;0;?;1;?;?;0;0;0;0;0;0;0;0;0;?;0;?;0;0;?;0;0;0;0;?;0;?;0;?;?;0;?;0;0;0;0;0;0;?;0
TE069;Can a copula be derived from original posture verbs?;NA;NA;NA;0;?;?;?;?;?;?;?;?;?;?;?;?;?;?;?;?;?;?;?;?;?;?;?;?;?;?;?;?;?;?;?;?;?;?;0;?;?;0;?;?;?;?;?;?;?;?;?;?;?;?;?;?;?;?;?;?;?;?;?
TE070;Can the notional subject of a want complement clause be expressed overtly when it is coreferential with the wanter?;NA;NA;NA;0;?;?;?;?;?;?;?;?;?;?;?;?;?;?;?;?;?;?;?;?;?;0;?;?;?;?;?;?;0;?;?;?;?;?;0;?;?;?;?;?;?;?;?;?;?;?;?;?;?;?;?;?;?;?;?;?;?;?;?
TE071;Are foot and leg expressed by the same term?;noun;NA;NA;0;?;?;?;?;?;?;?;?;?;?;?;?;?;?;?;?;?;?;?;?;?;0;?;?;?;?;?;?;?;?;?;?;1;?;1;?;?;?;?;?;?;?;?;?;?;?;?;?;?;?;?;?;?;?;?;?;?;?;?
TE072;Are there balanced purpose clauses?;NA;NA;NA;?;?;?;?;?;?;?;?;?;?;?;?;?;?;?;?;?;?;?;?;?;?;?;?;?;?;?;?;?;?;?;?;?;?;?;0;?;?;?;?;?;?;?;?;?;?;?;?;?;?;?;?;?;?;?;?;?;?;?;?
TE073;Is there an adposition or a particle formally similar to the verb?;other;NA;NA;?;?;0;?;?;?;?;0;?;?;?;?;0;?;0;0;?;0;?;?;1;?;1;?;?;1;?;?;?;?;?;?;?;?;?;0;?;?;0;?;?;?;0;0;?;?;?;?;?;?;0;?;0;?;?;0;?;?;?;0
TE074;Is completive aspect expressed by a marker formally identical to the verb to put/throw away?;verb;TAME;clause;0;?;0;?;0;?;?;0;1;0;?;?;0;?;?;?;?;?;1;?;?;?;1;?;?;?;?;0;0;?;?;?;?;?;?;1;?;?;?;?;?;?;0;?;1;0;?;?;?;0;0;1;0;?;?;0;?;?;?;0
TE076;Are there adpositions to mark core NPs?;other;argument marking (core);NP;0;?;0;?;1;0;?;0;0;?;0;0;0;?;0;0;0;1;0;0;0;0;1;?;?;1;?;0;0;?;0;?;0;0;?;1;?;0;1;1;?;0;0;0;?;0;1;0;?;1;0;?;0;0;?;0;?;0;0;1
TE077;Are there adpositions to mark oblique NPs?;other;argument marking (non-core);NP;1;?;1;?;1;1;?;1;1;?;1;1;1;?;1;1;1;1;1;1;1;1;1;1;?;1;?;1;1;0;1;?;1;1;?;1;?;1;1;1;?;1;1;1;?;1;1;1;?;1;1;?;1;1;?;1;?;1;1;1
TE078;Are there three laryngeal contrasts for stops?;not assignable;phonological distinctiveness;phonological shape;0;?;0;0;0;?;0;0;0;0;0;0;0;0;0;0;0;0;0;0;0;0;1;0;0;1;0;0;0;0;0;0;0;0;0;0;0;0;0;0;0;0;0;0;0;0;0;0;0;0;0;0;0;0;0;0;0;0;0;1
TS001;Can numeral precede the noun?;not assignable;word order;NP;1;1;1;1;1;1;1;1;1;1;1;?;1;1;1;1;1;0;1;1;1;1;0;1;1;1;1;1;1;1;1;1;1;1;?;1;1;1;1;1;1;1;1;1;1;1;?;1;0;1;1;1;1;1;1;1;1;1;1;?
TS002;Can numeral follow the noun?;not assignable;word order;NP;0;0;0;1;0;0;0;0;0;0;0;?;0;1;1;0;0;1;0;0;0;0;1;1;0;0;1;0;0;0;0;0;0;0;?;0;1;0;1;?;0;0;0;0;?;0;?;0;1;0;0;0;0;0;0;1;0;0;0;?
TS003;Can demonstrative precede the noun?;not assignable;word order;NP;1;1;1;1;1;1;1;1;1;1;1;1;1;1;1;1;1;1;1;1;1;1;1;1;1;1;1;1;1;1;1;1;1;1;1;1;1;1;1;1;1;1;1;1;1;1;1;1;1;1;1;1;1;1;1;1;1;?;1;1
TS004;Can demonstrative follow the noun?;not assignable;word order;NP;0;0;0;0;0;0;0;0;0;0;0;0;0;0;0;0;0;0;0;0;0;0;0;0;0;0;0;0;0;0;0;0;0;0;0;0;0;0;0;0;0;0;0;0;0;0;0;0;0;0;0;0;0;0;0;0;0;?;0;0
TS005;Can adnominal possessor precede the possessed noun?;not assignable;word order;NP;1;1;1;?;1;1;1;1;1;1;1;1;1;1;1;1;1;1;1;1;1;1;1;1;1;1;1;1;1;1;1;1;1;1;1;1;1;1;1;1;1;1;1;1;1;1;1;1;1;1;1;1;1;1;1;1;1;1;1;1
TS006;Can adnominal possessor follow the possessed noun?;not assignable;word order;NP;1;1;1;?;0;1;1;1;1;1;1;1;1;1;0;1;1;0;1;1;1;1;0;0;1;0;0;1;1;1;1;1;1;1;0;0;0;1;0;0;1;1;1;1;1;1;0;1;0;0;1;1;1;1;1;1;1;1;1;0
TS007;Can adnominal property word precede the noun?;not assignable;word order;NP;1;1;1;1;1;?;1;1;1;1;1;1;1;1;1;1;1;1;1;1;1;1;1;1;1;1;1;1;1;1;1;1;1;1;1;1;1;?;1;1;1;1;1;1;1;1;1;1;1;1;1;1;1;1;1;1;1;1;1;1
TS008;Can adnominal property word follow the noun?;not assignable;word order;NP;0;0;0;0;0;?;0;0;0;0;0;0;0;0;0;0;0;0;0;0;0;0;0;0;0;0;0;0;0;0;0;0;0;0;0;0;0;?;0;0;0;0;0;0;0;0;0;0;0;0;0;0;0;0;0;0;0;0;0;0
TS009;Can adnominal collective universal quantifier (all) precede the noun?;not assignable;word order;NP;1;?;?;0;?;?;1;?;?;0;?;0;1;?;1;?;1;?;?;1;1;1;0;1;?;1;?;?;0;1;?;1;1;1;?;0;1;1;?;1;1;?;?;?;0;?;?;1;?;?;1;?;?;1;?;1;?;?;1;?
TS010;Can adnominal collective universal quantifier (all) follow the noun?;not assignable;word order;NP;0;?;?;1;?;?;0;?;?;1;?;1;0;?;?;?;0;?;?;0;0;0;1;1;?;0;?;?;1;0;?;0;0;0;?;1;0;0;?;?;0;?;?;?;1;?;?;0;?;?;0;?;?;0;?;1;?;?;1;?
TS079;Is there height vowel harmony?;not assignable;phonological distinctiveness;phonological shape;0;?;0;0;0;0;0;0;0;0;0;1;0;0;0;?;0;0;0;0;1;0;0;0;0;0;0;?;0;1;0;0;0;0;0;0;0;0;0;0;0;0;1;?;?;0;0;1;0;0;0;?;0;0;0;1;0;?;0;0
TS080;Is there labial vowel harmony?;not assignable;phonological distinctiveness;phonological shape;1;?;0;0;0;1;1;1;1;1;0;0;1;0;0;?;0;0;1;1;1;1;0;0;0;0;0;?;0;0;0;0;0;1;0;0;0;1;0;0;1;1;0;?;?;1;0;1;0;0;?;?;1;1;1;1;1;?;1;0
TS081;Is there an initial l-?;not assignable;phonological distinctiveness;phonological shape;?;?;?;?;?;?;?;?;1;0;?;?;?;?;?;?;?;?;?;0;?;?;?;1;?;?;?;?;?;?;?;?;1;?;?;?;?;?;?;?;?;0;?;?;?;?;?;?;?;1;?;?;?;?;?;?;1;?;?;?
TS082;Do numerals have the same form in attributive and predicative use?;numeral;NA;word;?;?;?;?;?;?;?;?;0;?;?;?;?;?;?;?;?;?;?;?;?;?;?;?;?;?;?;?;?;?;?;?;?;?;?;?;?;?;?;?;?;?;?;?;?;?;?;?;?;?;?;?;?;?;?;?;?;?;?;?
TS083;Are instrumental and comitative expressed by the same marker?;multiple;argument marking (non-core);word;?;?;?;?;?;?;?;?;?;0;?;0;?;?;?;?;?;?;?;?;?;?;?;?;?;1;?;?;?;?;?;?;?;?;?;?;?;?;?;?;?;?;?;?;?;?;?;?;?;?;?;?;?;?;?;?;?;?;?;?
TS083;Is the meaning to hunt expressed as noun+denominalizer?;verb;other;word;?;?;?;?;0;?;?;?;0;0;0;?;?;?;?;?;1;?;1;1;?;?;?;?;1;?;?;?;?;?;?;?;1;?;?;?;?;0;?;?;?;0;?;?;?;?;?;?;?;?;?;?;?;?;?;?;?;?;?;?
TS084;Are the meanings to see and to try expressed by formally identical verbs?;verb;other;word;?;?;?;?;?;?;?;?;1;1;?;?;?;?;?;?;?;?;?;?;?;?;?;?;?;?;?;?;?;?;?;?;?;?;?;?;?;?;?;?;?;?;?;?;?;?;?;?;?;?;?;?;?;?;?;?;?;?;?;?
TS085;What is the order of personal possessive suffixes and case suffixes?;not assignable;word order;word;?;?;?;?;0;?;1;?;?;1;?;?;?;?;?;?;?;?;1;1;?;?;?;?;?;0;?;?;?;?;?;1;?;?;?;?;?;?;?;?;1;?;?;?;?;?;?;?;?;?;?;?;?;?;?;?;1;?;?;?
TS086;Is the pragmatically unmarked order of SV in intransitive clauses?;not assignable;word order;clause;1;1;1;1;1;1;1;1;1;1;1;1;1;1;1;1;1;1;1;1;1;1;1;1;1;1;1;1;1;1;1;1;1;1;1;1;1;1;1;1;1;1;1;1;1;1;1;1;1;1;1;1;1;1;1;1;1;1;1;1
TS087;Is the pragmatically unmarked order of VS in intransitive clauses?;not assignable;word order;clause;0;0;0;0;0;0;0;0;0;0;0;0;0;0;0;0;0;0;0;0;0;0;0;0;0;0;0;0;0;0;0;0;0;0;0;0;0;0;0;0;0;0;0;0;0;0;0;0;0;0;0;0;0;0;0;0;0;0;0;0
TS088;Is there an aspiration distinction in stops?;not assignable;phonological distinctiveness;phonological shape;0;0;0;1;0;?;0;0;1;0;1;1;0;1;0;0;1;0;0;0;0;0;1;0;0;1;1;0;0;0;0;0;0;0;0;0;0;1;0;0;0;1;0;0;0;0;0;0;0;0;0;0;0;0;0;0;0;0;0;0